slug,market_url,window_text,first_quote_ts,last_quote_ts,close_ts_utc,quote_count,target_price,final_price_last,can_resolve_outcome,outcome_up
btc-updown-5m-1777181400,https://polymarket.com/zh/event/btc-updown-5m-1777181400,13:30-13:35,2026-04-26 05:34:20+00:00,2026-04-26 05:34:59+00:00,2026-04-26 05:30:00+00:00,19,,78105.0,False,
btc-updown-5m-1777181700,https://polymarket.com/zh/event/btc-updown-5m-1777181700,13:35-13:40,2026-04-26 05:35:01+00:00,2026-04-26 05:40:00+00:00,2026-04-26 05:35:00+00:00,136,78105.0,78073.83,True,0.0
btc-updown-5m-1777182000,https://polymarket.com/zh/event/btc-updown-5m-1777182000,13:40-13:45,2026-04-26 05:40:02+00:00,2026-04-26 05:44:59+00:00,2026-04-26 05:40:00+00:00,135,,78070.55,False,
btc-updown-5m-1777182300,https://polymarket.com/zh/event/btc-updown-5m-1777182300,13:45-13:50,2026-04-26 05:45:02+00:00,2026-04-26 05:49:58+00:00,2026-04-26 05:45:00+00:00,136,78070.56,78080.32,True,1.0
btc-updown-5m-1777182600,https://polymarket.com/zh/event/btc-updown-5m-1777182600,13:50-13:55,2026-04-26 05:50:01+00:00,2026-04-26 05:54:59+00:00,2026-04-26 05:50:00+00:00,136,78077.44,78029.58,True,0.0
btc-updown-5m-1777182900,https://polymarket.com/zh/event/btc-updown-5m-1777182900,13:55-14:00,2026-04-26 05:55:02+00:00,2026-04-26 05:59:59+00:00,2026-04-26 05:55:00+00:00,135,78029.58,78004.97,True,0.0
btc-updown-5m-1777183200,https://polymarket.com/zh/event/btc-updown-5m-1777183200,14:00-14:05,2026-04-26 06:00:01+00:00,2026-04-26 06:04:59+00:00,2026-04-26 06:00:00+00:00,134,78004.97,78067.43,True,1.0
btc-updown-5m-1777183500,https://polymarket.com/zh/event/btc-updown-5m-1777183500,14:05-14:10,2026-04-26 06:05:01+00:00,2026-04-26 06:09:59+00:00,2026-04-26 06:05:00+00:00,135,78067.43,78021.41,True,0.0
btc-updown-5m-1777183800,https://polymarket.com/zh/event/btc-updown-5m-1777183800,14:10-14:15,2026-04-26 06:10:01+00:00,2026-04-26 06:14:58+00:00,2026-04-26 06:10:00+00:00,136,78021.41,78034.49,True,1.0
btc-updown-5m-1777184100,https://polymarket.com/zh/event/btc-updown-5m-1777184100,14:15-14:20,2026-04-26 06:15:00+00:00,2026-04-26 06:19:59+00:00,2026-04-26 06:15:00+00:00,136,78034.49,77959.04,True,0.0
btc-updown-5m-1777184400,https://polymarket.com/zh/event/btc-updown-5m-1777184400,14:20-14:25,2026-04-26 06:20:02+00:00,2026-04-26 06:24:59+00:00,2026-04-26 06:20:00+00:00,137,77959.04,77952.49,True,0.0
btc-updown-5m-1777184700,https://polymarket.com/zh/event/btc-updown-5m-1777184700,14:25-14:30,2026-04-26 06:25:01+00:00,2026-04-26 06:29:59+00:00,2026-04-26 06:25:00+00:00,136,77952.49,77968.88,True,1.0
btc-updown-5m-1777185000,https://polymarket.com/zh/event/btc-updown-5m-1777185000,14:30-14:35,2026-04-26 06:30:01+00:00,2026-04-26 06:34:59+00:00,2026-04-26 06:30:00+00:00,137,77974.7,77961.77,True,0.0
btc-updown-5m-1777185300,https://polymarket.com/zh/event/btc-updown-5m-1777185300,14:35-14:40,2026-04-26 06:35:02+00:00,2026-04-26 06:39:58+00:00,2026-04-26 06:35:00+00:00,135,77961.77,78004.23,True,1.0
btc-updown-5m-1777185600,https://polymarket.com/zh/event/btc-updown-5m-1777185600,14:40-14:45,2026-04-26 06:40:01+00:00,2026-04-26 06:44:58+00:00,2026-04-26 06:40:00+00:00,135,78005.1,78033.06,True,1.0
btc-updown-5m-1777185900,https://polymarket.com/zh/event/btc-updown-5m-1777185900,14:45-14:50,2026-04-26 06:45:00+00:00,2026-04-26 06:49:59+00:00,2026-04-26 06:45:00+00:00,135,78033.06,77949.21,True,0.0
btc-updown-5m-1777186200,https://polymarket.com/zh/event/btc-updown-5m-1777186200,14:50-14:55,2026-04-26 06:50:01+00:00,2026-04-26 06:54:58+00:00,2026-04-26 06:50:00+00:00,135,77949.21,77988.57,True,1.0
btc-updown-5m-1777186500,https://polymarket.com/zh/event/btc-updown-5m-1777186500,14:55-15:00,2026-04-26 06:55:00+00:00,2026-04-26 06:59:58+00:00,2026-04-26 06:55:00+00:00,135,77989.58,78019.19,True,1.0
btc-updown-5m-1777186800,https://polymarket.com/zh/event/btc-updown-5m-1777186800,15:00-15:05,2026-04-26 07:00:01+00:00,2026-04-26 07:04:59+00:00,2026-04-26 07:00:00+00:00,135,78024.64,78016.76,True,0.0
btc-updown-5m-1777187100,https://polymarket.com/zh/event/btc-updown-5m-1777187100,15:05-15:10,2026-04-26 07:05:02+00:00,2026-04-26 07:10:00+00:00,2026-04-26 07:05:00+00:00,135,78016.76,78012.28,True,0.0
btc-updown-5m-1777187400,https://polymarket.com/zh/event/btc-updown-5m-1777187400,15:10-15:15,2026-04-26 07:10:02+00:00,2026-04-26 07:14:59+00:00,2026-04-26 07:10:00+00:00,135,,78028.1,False,
btc-updown-5m-1777187700,https://polymarket.com/zh/event/btc-updown-5m-1777187700,15:15-15:20,2026-04-26 07:15:01+00:00,2026-04-26 07:19:59+00:00,2026-04-26 07:15:00+00:00,136,78028.11,78024.64,True,0.0
btc-updown-5m-1777188000,https://polymarket.com/zh/event/btc-updown-5m-1777188000,15:20-15:25,2026-04-26 07:20:02+00:00,2026-04-26 07:24:59+00:00,2026-04-26 07:20:00+00:00,137,78024.64,78040.51,True,1.0
btc-updown-5m-1777188300,https://polymarket.com/zh/event/btc-updown-5m-1777188300,15:25-15:30,2026-04-26 07:25:02+00:00,2026-04-26 07:29:58+00:00,2026-04-26 07:25:00+00:00,135,78040.53,78020.92,True,0.0
btc-updown-5m-1777188600,https://polymarket.com/zh/event/btc-updown-5m-1777188600,15:30-15:35,2026-04-26 07:30:01+00:00,2026-04-26 07:34:59+00:00,2026-04-26 07:30:00+00:00,134,78020.92,77998.17,True,0.0
btc-updown-5m-1777188900,https://polymarket.com/zh/event/btc-updown-5m-1777188900,15:35-15:40,2026-04-26 07:35:01+00:00,2026-04-26 07:39:58+00:00,2026-04-26 07:35:00+00:00,135,77998.18,77995.12,True,0.0
btc-updown-5m-1777189200,https://polymarket.com/zh/event/btc-updown-5m-1777189200,15:40-15:45,2026-04-26 07:40:01+00:00,2026-04-26 07:44:58+00:00,2026-04-26 07:40:00+00:00,135,77995.12,77996.93,True,1.0
btc-updown-5m-1777189500,https://polymarket.com/zh/event/btc-updown-5m-1777189500,15:45-15:50,2026-04-26 07:45:01+00:00,2026-04-26 07:49:58+00:00,2026-04-26 07:45:00+00:00,135,77996.11,78017.29,True,1.0
btc-updown-5m-1777189800,https://polymarket.com/zh/event/btc-updown-5m-1777189800,15:50-15:55,2026-04-26 07:50:01+00:00,2026-04-26 07:55:00+00:00,2026-04-26 07:50:00+00:00,136,78017.29,78074.5,True,1.0
btc-updown-5m-1777190100,https://polymarket.com/zh/event/btc-updown-5m-1777190100,15:55-16:00,2026-04-26 07:55:02+00:00,2026-04-26 07:59:59+00:00,2026-04-26 07:55:00+00:00,135,,78126.31,False,
btc-updown-5m-1777190400,https://polymarket.com/zh/event/btc-updown-5m-1777190400,16:00-16:05,2026-04-26 08:00:02+00:00,2026-04-26 08:04:59+00:00,2026-04-26 08:00:00+00:00,134,78142.72,78138.24,True,0.0
btc-updown-5m-1777190700,https://polymarket.com/zh/event/btc-updown-5m-1777190700,16:05-16:10,2026-04-26 08:05:01+00:00,2026-04-26 08:10:00+00:00,2026-04-26 08:05:00+00:00,135,78138.24,78110.0,True,0.0
btc-updown-5m-1777191000,https://polymarket.com/zh/event/btc-updown-5m-1777191000,16:10-16:15,2026-04-26 08:10:02+00:00,2026-04-26 08:14:58+00:00,2026-04-26 08:10:00+00:00,134,,78105.7,False,
btc-updown-5m-1777191300,https://polymarket.com/zh/event/btc-updown-5m-1777191300,16:15-16:20,2026-04-26 08:15:01+00:00,2026-04-26 08:19:58+00:00,2026-04-26 08:15:00+00:00,137,78105.7,78074.02,True,0.0
btc-updown-5m-1777191600,https://polymarket.com/zh/event/btc-updown-5m-1777191600,16:20-16:25,2026-04-26 08:20:06+00:00,2026-04-26 08:24:59+00:00,2026-04-26 08:20:00+00:00,135,,78071.68,False,
btc-updown-5m-1777191900,https://polymarket.com/zh/event/btc-updown-5m-1777191900,16:25-16:30,2026-04-26 08:25:02+00:00,2026-04-26 08:30:00+00:00,2026-04-26 08:25:00+00:00,135,78071.68,78112.73,True,1.0
btc-updown-5m-1777192200,https://polymarket.com/zh/event/btc-updown-5m-1777192200,16:30-16:35,2026-04-26 08:30:02+00:00,2026-04-26 08:34:59+00:00,2026-04-26 08:30:00+00:00,133,78112.72,78155.84,True,1.0
btc-updown-5m-1777192500,https://polymarket.com/zh/event/btc-updown-5m-1777192500,16:35-16:40,2026-04-26 08:35:01+00:00,2026-04-26 08:39:58+00:00,2026-04-26 08:35:00+00:00,135,78155.84,78167.11,True,1.0
btc-updown-5m-1777192800,https://polymarket.com/zh/event/btc-updown-5m-1777192800,16:40-16:45,2026-04-26 08:40:01+00:00,2026-04-26 08:44:58+00:00,2026-04-26 08:40:00+00:00,135,78167.11,78066.28,True,0.0
btc-updown-5m-1777193100,https://polymarket.com/zh/event/btc-updown-5m-1777193100,16:45-16:50,2026-04-26 08:45:01+00:00,2026-04-26 08:49:59+00:00,2026-04-26 08:45:00+00:00,136,78066.28,78058.01,True,0.0
btc-updown-5m-1777193400,https://polymarket.com/zh/event/btc-updown-5m-1777193400,16:50-16:55,2026-04-26 08:50:02+00:00,2026-04-26 08:54:58+00:00,2026-04-26 08:50:00+00:00,132,78058.01,78077.15,True,1.0
btc-updown-5m-1777193700,https://polymarket.com/zh/event/btc-updown-5m-1777193700,16:55-17:00,2026-04-26 08:55:01+00:00,2026-04-26 08:59:59+00:00,2026-04-26 08:55:00+00:00,136,78077.16,78050.01,True,0.0
btc-updown-5m-1777194000,https://polymarket.com/zh/event/btc-updown-5m-1777194000,17:00-17:05,2026-04-26 09:00:02+00:00,2026-04-26 09:04:59+00:00,2026-04-26 09:00:00+00:00,135,78039.94,78022.95,True,0.0
btc-updown-5m-1777194300,https://polymarket.com/zh/event/btc-updown-5m-1777194300,17:05-17:10,2026-04-26 09:05:01+00:00,2026-04-26 09:09:58+00:00,2026-04-26 09:05:00+00:00,135,78022.95,78005.67,True,0.0
btc-updown-5m-1777194600,https://polymarket.com/zh/event/btc-updown-5m-1777194600,17:10-17:15,2026-04-26 09:10:00+00:00,2026-04-26 09:14:59+00:00,2026-04-26 09:10:00+00:00,136,78005.67,78039.99,True,1.0
btc-updown-5m-1777194900,https://polymarket.com/zh/event/btc-updown-5m-1777194900,17:15-17:20,2026-04-26 09:15:02+00:00,2026-04-26 09:20:00+00:00,2026-04-26 09:15:00+00:00,136,78039.99,78007.24,True,0.0
btc-updown-5m-1777195200,https://polymarket.com/zh/event/btc-updown-5m-1777195200,17:20-17:25,2026-04-26 09:20:02+00:00,2026-04-26 09:24:58+00:00,2026-04-26 09:20:00+00:00,135,78007.24,78041.22,True,1.0
btc-updown-5m-1777195500,https://polymarket.com/zh/event/btc-updown-5m-1777195500,17:25-17:30,2026-04-26 09:25:01+00:00,2026-04-26 09:29:58+00:00,2026-04-26 09:25:00+00:00,135,78041.22,78033.01,True,0.0
btc-updown-5m-1777195800,https://polymarket.com/zh/event/btc-updown-5m-1777195800,17:30-17:35,2026-04-26 09:30:00+00:00,2026-04-26 09:34:59+00:00,2026-04-26 09:30:00+00:00,134,78033.01,77992.63,True,0.0
btc-updown-5m-1777196100,https://polymarket.com/zh/event/btc-updown-5m-1777196100,17:35-17:40,2026-04-26 09:35:01+00:00,2026-04-26 09:40:00+00:00,2026-04-26 09:35:00+00:00,136,77992.64,77970.65,True,0.0
btc-updown-5m-1777196400,https://polymarket.com/zh/event/btc-updown-5m-1777196400,17:40-17:45,2026-04-26 09:40:02+00:00,2026-04-26 09:44:59+00:00,2026-04-26 09:40:00+00:00,133,,77998.44,False,
btc-updown-5m-1777196700,https://polymarket.com/zh/event/btc-updown-5m-1777196700,17:45-17:50,2026-04-26 09:45:01+00:00,2026-04-26 09:49:58+00:00,2026-04-26 09:45:00+00:00,137,77998.44,77988.55,True,0.0
btc-updown-5m-1777197000,https://polymarket.com/zh/event/btc-updown-5m-1777197000,17:50-17:55,2026-04-26 09:50:00+00:00,2026-04-26 09:55:00+00:00,2026-04-26 09:50:00+00:00,137,77988.55,78014.79,True,1.0
btc-updown-5m-1777197300,https://polymarket.com/zh/event/btc-updown-5m-1777197300,17:55-18:00,2026-04-26 09:55:02+00:00,2026-04-26 09:59:59+00:00,2026-04-26 09:55:00+00:00,135,,78026.92,False,
btc-updown-5m-1777197600,https://polymarket.com/zh/event/btc-updown-5m-1777197600,18:00-18:05,2026-04-26 10:00:01+00:00,2026-04-26 10:04:58+00:00,2026-04-26 10:00:00+00:00,134,78026.91,77990.21,True,0.0
btc-updown-5m-1777197900,https://polymarket.com/zh/event/btc-updown-5m-1777197900,18:05-18:10,2026-04-26 10:05:00+00:00,2026-04-26 10:09:59+00:00,2026-04-26 10:05:00+00:00,136,77990.21,78057.44,True,1.0
btc-updown-5m-1777198200,https://polymarket.com/zh/event/btc-updown-5m-1777198200,18:10-18:15,2026-04-26 10:10:02+00:00,2026-04-26 10:14:59+00:00,2026-04-26 10:10:00+00:00,135,78049.78,78058.01,True,1.0
btc-updown-5m-1777198500,https://polymarket.com/zh/event/btc-updown-5m-1777198500,18:15-18:20,2026-04-26 10:15:01+00:00,2026-04-26 10:20:00+00:00,2026-04-26 10:15:00+00:00,138,78057.96,78053.0,True,0.0
btc-updown-5m-1777198800,https://polymarket.com/zh/event/btc-updown-5m-1777198800,18:20-18:25,2026-04-26 10:20:02+00:00,2026-04-26 10:24:58+00:00,2026-04-26 10:20:00+00:00,134,,78044.32,False,
btc-updown-5m-1777199100,https://polymarket.com/zh/event/btc-updown-5m-1777199100,18:25-18:30,2026-04-26 10:25:00+00:00,2026-04-26 10:29:59+00:00,2026-04-26 10:25:00+00:00,136,78044.32,78030.5,True,0.0
btc-updown-5m-1777199400,https://polymarket.com/zh/event/btc-updown-5m-1777199400,18:30-18:35,2026-04-26 10:30:01+00:00,2026-04-26 10:34:59+00:00,2026-04-26 10:30:00+00:00,130,78030.5,78031.96,True,1.0
btc-updown-5m-1777199700,https://polymarket.com/zh/event/btc-updown-5m-1777199700,18:35-18:40,2026-04-26 10:35:01+00:00,2026-04-26 10:40:00+00:00,2026-04-26 10:35:00+00:00,160,78031.96,78021.37,True,0.0
btc-updown-5m-1777200000,https://polymarket.com/zh/event/btc-updown-5m-1777200000,18:40-18:45,2026-04-26 10:40:02+00:00,2026-04-26 10:44:59+00:00,2026-04-26 10:40:00+00:00,159,78021.37,78010.74,True,0.0
btc-updown-5m-1777200300,https://polymarket.com/zh/event/btc-updown-5m-1777200300,18:45-18:50,2026-04-26 10:45:01+00:00,2026-04-26 10:49:59+00:00,2026-04-26 10:45:00+00:00,160,78011.99,78000.01,True,0.0
btc-updown-5m-1777200600,https://polymarket.com/zh/event/btc-updown-5m-1777200600,18:50-18:55,2026-04-26 10:50:01+00:00,2026-04-26 10:54:58+00:00,2026-04-26 10:50:00+00:00,157,78000.01,78007.99,True,1.0
btc-updown-5m-1777200900,https://polymarket.com/zh/event/btc-updown-5m-1777200900,18:55-19:00,2026-04-26 10:55:00+00:00,2026-04-26 10:59:59+00:00,2026-04-26 10:55:00+00:00,157,78007.98,78024.64,True,1.0
btc-updown-5m-1777201200,https://polymarket.com/zh/event/btc-updown-5m-1777201200,19:00-19:05,2026-04-26 11:00:01+00:00,2026-04-26 11:04:58+00:00,2026-04-26 11:00:00+00:00,158,78024.64,78050.9,True,1.0
btc-updown-5m-1777201500,https://polymarket.com/zh/event/btc-updown-5m-1777201500,19:05-19:10,2026-04-26 11:05:00+00:00,2026-04-26 11:09:59+00:00,2026-04-26 11:05:00+00:00,160,78050.9,78074.04,True,1.0
btc-updown-5m-1777201800,https://polymarket.com/zh/event/btc-updown-5m-1777201800,19:10-19:15,2026-04-26 11:10:01+00:00,2026-04-26 11:14:59+00:00,2026-04-26 11:10:00+00:00,160,78074.04,78070.59,True,0.0
btc-updown-5m-1777202100,https://polymarket.com/zh/event/btc-updown-5m-1777202100,19:15-19:20,2026-04-26 11:15:01+00:00,2026-04-26 11:19:58+00:00,2026-04-26 11:15:00+00:00,159,78070.59,78064.01,True,0.0
btc-updown-5m-1777202400,https://polymarket.com/zh/event/btc-updown-5m-1777202400,19:20-19:25,2026-04-26 11:20:01+00:00,2026-04-26 11:24:59+00:00,2026-04-26 11:20:00+00:00,160,78073.84,78139.98,True,1.0
btc-updown-5m-1777202700,https://polymarket.com/zh/event/btc-updown-5m-1777202700,19:25-19:30,2026-04-26 11:25:01+00:00,2026-04-26 11:29:59+00:00,2026-04-26 11:25:00+00:00,159,78139.98,78160.73,True,1.0
btc-updown-5m-1777203000,https://polymarket.com/zh/event/btc-updown-5m-1777203000,19:30-19:35,2026-04-26 11:30:01+00:00,2026-04-26 11:34:59+00:00,2026-04-26 11:30:00+00:00,158,78160.74,78126.84,True,0.0
btc-updown-5m-1777203300,https://polymarket.com/zh/event/btc-updown-5m-1777203300,19:35-19:40,2026-04-26 11:35:02+00:00,2026-04-26 11:40:00+00:00,2026-04-26 11:35:00+00:00,159,78126.84,78100.09,True,0.0
btc-updown-5m-1777203600,https://polymarket.com/zh/event/btc-updown-5m-1777203600,19:40-19:45,2026-04-26 11:40:02+00:00,2026-04-26 11:44:59+00:00,2026-04-26 11:40:00+00:00,159,78100.09,78109.29,True,1.0
btc-updown-5m-1777203900,https://polymarket.com/zh/event/btc-updown-5m-1777203900,19:45-19:50,2026-04-26 11:45:01+00:00,2026-04-26 11:49:58+00:00,2026-04-26 11:45:00+00:00,159,78109.29,78121.28,True,1.0
btc-updown-5m-1777204200,https://polymarket.com/zh/event/btc-updown-5m-1777204200,19:50-19:55,2026-04-26 11:50:01+00:00,2026-04-26 11:54:58+00:00,2026-04-26 11:50:00+00:00,159,78121.29,78137.98,True,1.0
btc-updown-5m-1777204500,https://polymarket.com/zh/event/btc-updown-5m-1777204500,19:55-20:00,2026-04-26 11:55:00+00:00,2026-04-26 12:00:00+00:00,2026-04-26 11:55:00+00:00,159,78137.97,78118.01,True,0.0
btc-updown-5m-1777204800,https://polymarket.com/zh/event/btc-updown-5m-1777204800,20:00-20:05,2026-04-26 12:00:02+00:00,2026-04-26 12:04:59+00:00,2026-04-26 12:00:00+00:00,157,78120.83,78090.24,True,0.0
btc-updown-5m-1777205100,https://polymarket.com/zh/event/btc-updown-5m-1777205100,20:05-20:10,2026-04-26 12:05:01+00:00,2026-04-26 12:09:59+00:00,2026-04-26 12:05:00+00:00,159,78090.23,78077.06,True,0.0
btc-updown-5m-1777205400,https://polymarket.com/zh/event/btc-updown-5m-1777205400,20:10-20:15,2026-04-26 12:10:01+00:00,2026-04-26 12:14:58+00:00,2026-04-26 12:10:00+00:00,158,78077.06,78010.39,True,0.0
btc-updown-5m-1777205700,https://polymarket.com/zh/event/btc-updown-5m-1777205700,20:15-20:20,2026-04-26 12:15:00+00:00,2026-04-26 12:19:59+00:00,2026-04-26 12:15:00+00:00,159,78010.38,78019.84,True,1.0
btc-updown-5m-1777206000,https://polymarket.com/zh/event/btc-updown-5m-1777206000,20:20-20:25,2026-04-26 12:20:01+00:00,2026-04-26 12:24:58+00:00,2026-04-26 12:20:00+00:00,157,78019.84,78017.97,True,0.0
btc-updown-5m-1777206300,https://polymarket.com/zh/event/btc-updown-5m-1777206300,20:25-20:30,2026-04-26 12:25:00+00:00,2026-04-26 12:30:00+00:00,2026-04-26 12:25:00+00:00,160,78017.97,77995.91,True,0.0
btc-updown-5m-1777206600,https://polymarket.com/zh/event/btc-updown-5m-1777206600,20:30-20:35,2026-04-26 12:30:02+00:00,2026-04-26 12:34:58+00:00,2026-04-26 12:30:00+00:00,157,77995.91,77984.54,True,0.0
btc-updown-5m-1777206900,https://polymarket.com/zh/event/btc-updown-5m-1777206900,20:35-20:40,2026-04-26 12:35:01+00:00,2026-04-26 12:39:59+00:00,2026-04-26 12:35:00+00:00,156,77984.55,78003.87,True,1.0
btc-updown-5m-1777207200,https://polymarket.com/zh/event/btc-updown-5m-1777207200,20:40-20:45,2026-04-26 12:40:01+00:00,2026-04-26 12:44:59+00:00,2026-04-26 12:40:00+00:00,158,78003.87,77960.01,True,0.0
btc-updown-5m-1777207500,https://polymarket.com/zh/event/btc-updown-5m-1777207500,20:45-20:50,2026-04-26 12:45:01+00:00,2026-04-26 12:49:59+00:00,2026-04-26 12:45:00+00:00,159,77950.0,77857.27,True,0.0
btc-updown-5m-1777207800,https://polymarket.com/zh/event/btc-updown-5m-1777207800,20:50-20:55,2026-04-26 12:50:01+00:00,2026-04-26 12:54:58+00:00,2026-04-26 12:50:00+00:00,158,77857.27,77857.0,True,0.0
btc-updown-5m-1777208100,https://polymarket.com/zh/event/btc-updown-5m-1777208100,20:55-21:00,2026-04-26 12:55:00+00:00,2026-04-26 12:59:58+00:00,2026-04-26 12:55:00+00:00,158,77857.0,77850.81,True,0.0
btc-updown-5m-1777208400,https://polymarket.com/zh/event/btc-updown-5m-1777208400,21:00-21:05,2026-04-26 13:00:01+00:00,2026-04-26 13:04:59+00:00,2026-04-26 13:00:00+00:00,157,77850.81,77860.64,True,1.0
btc-updown-5m-1777208700,https://polymarket.com/zh/event/btc-updown-5m-1777208700,21:05-21:10,2026-04-26 13:05:02+00:00,2026-04-26 13:09:59+00:00,2026-04-26 13:05:00+00:00,158,77860.63,77916.21,True,1.0
btc-updown-5m-1777209000,https://polymarket.com/zh/event/btc-updown-5m-1777209000,21:10-21:15,2026-04-26 13:10:01+00:00,2026-04-26 13:14:59+00:00,2026-04-26 13:10:00+00:00,156,77909.15,77924.52,True,1.0
btc-updown-5m-1777209300,https://polymarket.com/zh/event/btc-updown-5m-1777209300,21:15-21:20,2026-04-26 13:15:01+00:00,2026-04-26 13:19:59+00:00,2026-04-26 13:15:00+00:00,158,77924.52,77914.57,True,0.0
btc-updown-5m-1777209600,https://polymarket.com/zh/event/btc-updown-5m-1777209600,21:20-21:25,2026-04-26 13:20:01+00:00,2026-04-26 13:24:59+00:00,2026-04-26 13:20:00+00:00,158,77910.61,77870.25,True,0.0
btc-updown-5m-1777209900,https://polymarket.com/zh/event/btc-updown-5m-1777209900,21:25-21:30,2026-04-26 13:25:01+00:00,2026-04-26 13:30:00+00:00,2026-04-26 13:25:00+00:00,159,77870.25,77897.99,True,1.0
btc-updown-5m-1777210200,https://polymarket.com/zh/event/btc-updown-5m-1777210200,21:30-21:35,2026-04-26 13:30:02+00:00,2026-04-26 13:34:59+00:00,2026-04-26 13:30:00+00:00,157,77897.98,77970.96,True,1.0
btc-updown-5m-1777210500,https://polymarket.com/zh/event/btc-updown-5m-1777210500,21:35-21:40,2026-04-26 13:35:01+00:00,2026-04-26 13:39:59+00:00,2026-04-26 13:35:00+00:00,158,77979.89,77998.4,True,1.0
btc-updown-5m-1777210800,https://polymarket.com/zh/event/btc-updown-5m-1777210800,21:40-21:45,2026-04-26 13:40:01+00:00,2026-04-26 13:44:59+00:00,2026-04-26 13:40:00+00:00,158,77998.4,77996.35,True,0.0
btc-updown-5m-1777211100,https://polymarket.com/zh/event/btc-updown-5m-1777211100,21:45-21:50,2026-04-26 13:45:01+00:00,2026-04-26 13:50:00+00:00,2026-04-26 13:45:00+00:00,159,77996.35,77962.36,True,0.0
btc-updown-5m-1777211400,https://polymarket.com/zh/event/btc-updown-5m-1777211400,21:50-21:55,2026-04-26 13:50:02+00:00,2026-04-26 13:54:58+00:00,2026-04-26 13:50:00+00:00,157,77962.36,77978.38,True,1.0
btc-updown-5m-1777211700,https://polymarket.com/zh/event/btc-updown-5m-1777211700,21:55-22:00,2026-04-26 13:55:00+00:00,2026-04-26 14:00:00+00:00,2026-04-26 13:55:00+00:00,159,77978.37,77993.74,True,1.0
btc-updown-5m-1777212000,https://polymarket.com/zh/event/btc-updown-5m-1777212000,22:00-22:05,2026-04-26 14:00:02+00:00,2026-04-26 14:04:59+00:00,2026-04-26 14:00:00+00:00,155,77983.13,77947.1,True,0.0
btc-updown-5m-1777212300,https://polymarket.com/zh/event/btc-updown-5m-1777212300,22:05-22:10,2026-04-26 14:05:01+00:00,2026-04-26 14:09:59+00:00,2026-04-26 14:05:00+00:00,157,77947.1,77964.17,True,1.0
btc-updown-5m-1777212600,https://polymarket.com/zh/event/btc-updown-5m-1777212600,22:10-22:15,2026-04-26 14:10:01+00:00,2026-04-26 14:14:59+00:00,2026-04-26 14:10:00+00:00,157,77963.82,77975.17,True,1.0
btc-updown-5m-1777212900,https://polymarket.com/zh/event/btc-updown-5m-1777212900,22:15-22:20,2026-04-26 14:15:01+00:00,2026-04-26 14:20:00+00:00,2026-04-26 14:15:00+00:00,158,77973.8,78038.77,True,1.0
btc-updown-5m-1777213200,https://polymarket.com/zh/event/btc-updown-5m-1777213200,22:20-22:25,2026-04-26 14:20:02+00:00,2026-04-26 14:24:58+00:00,2026-04-26 14:20:00+00:00,157,78047.59,78072.54,True,1.0
btc-updown-5m-1777213500,https://polymarket.com/zh/event/btc-updown-5m-1777213500,22:25-22:30,2026-04-26 14:25:00+00:00,2026-04-26 14:29:59+00:00,2026-04-26 14:25:00+00:00,157,78072.54,78079.85,True,1.0
btc-updown-5m-1777213800,https://polymarket.com/zh/event/btc-updown-5m-1777213800,22:30-22:35,2026-04-26 14:30:01+00:00,2026-04-26 14:34:59+00:00,2026-04-26 14:30:00+00:00,156,78088.98,78085.38,True,0.0
btc-updown-5m-1777214100,https://polymarket.com/zh/event/btc-updown-5m-1777214100,22:35-22:40,2026-04-26 14:35:01+00:00,2026-04-26 14:40:00+00:00,2026-04-26 14:35:00+00:00,157,78086.95,78092.36,True,1.0
btc-updown-5m-1777214400,https://polymarket.com/zh/event/btc-updown-5m-1777214400,22:40-22:45,2026-04-26 14:40:02+00:00,2026-04-26 14:44:58+00:00,2026-04-26 14:40:00+00:00,154,78092.2,78072.59,True,0.0
btc-updown-5m-1777214700,https://polymarket.com/zh/event/btc-updown-5m-1777214700,22:45-22:50,2026-04-26 14:45:01+00:00,2026-04-26 14:49:58+00:00,2026-04-26 14:45:00+00:00,157,78072.56,78041.47,True,0.0
btc-updown-5m-1777215000,https://polymarket.com/zh/event/btc-updown-5m-1777215000,22:50-22:55,2026-04-26 14:50:00+00:00,2026-04-26 14:55:00+00:00,2026-04-26 14:50:00+00:00,158,78041.48,78156.09,True,1.0
btc-updown-5m-1777215300,https://polymarket.com/zh/event/btc-updown-5m-1777215300,22:55-23:00,2026-04-26 14:55:02+00:00,2026-04-26 14:59:59+00:00,2026-04-26 14:55:00+00:00,157,,78108.37,False,
btc-updown-5m-1777215600,https://polymarket.com/zh/event/btc-updown-5m-1777215600,23:00-23:05,2026-04-26 15:00:02+00:00,2026-04-26 15:04:58+00:00,2026-04-26 15:00:00+00:00,155,78123.03,78115.34,True,0.0
btc-updown-5m-1777215900,https://polymarket.com/zh/event/btc-updown-5m-1777215900,23:05-23:10,2026-04-26 15:05:00+00:00,2026-04-26 15:09:58+00:00,2026-04-26 15:05:00+00:00,156,78115.34,78106.0,True,0.0
btc-updown-5m-1777216200,https://polymarket.com/zh/event/btc-updown-5m-1777216200,23:10-23:15,2026-04-26 15:10:00+00:00,2026-04-26 15:14:59+00:00,2026-04-26 15:10:00+00:00,158,78106.01,78110.46,True,1.0
btc-updown-5m-1777216500,https://polymarket.com/zh/event/btc-updown-5m-1777216500,23:15-23:20,2026-04-26 15:15:02+00:00,2026-04-26 15:19:59+00:00,2026-04-26 15:15:00+00:00,157,78110.46,78126.35,True,1.0
btc-updown-5m-1777216800,https://polymarket.com/zh/event/btc-updown-5m-1777216800,23:20-23:25,2026-04-26 15:20:01+00:00,2026-04-26 15:24:59+00:00,2026-04-26 15:20:00+00:00,156,78126.35,78017.53,True,0.0
btc-updown-5m-1777217100,https://polymarket.com/zh/event/btc-updown-5m-1777217100,23:25-23:30,2026-04-26 15:25:01+00:00,2026-04-26 15:29:59+00:00,2026-04-26 15:25:00+00:00,155,78017.54,78122.48,True,1.0
btc-updown-5m-1777217400,https://polymarket.com/zh/event/btc-updown-5m-1777217400,23:30-23:35,2026-04-26 15:30:02+00:00,2026-04-26 15:34:58+00:00,2026-04-26 15:30:00+00:00,156,78122.48,78057.43,True,0.0
btc-updown-5m-1777217700,https://polymarket.com/zh/event/btc-updown-5m-1777217700,23:35-23:40,2026-04-26 15:35:00+00:00,2026-04-26 15:40:00+00:00,2026-04-26 15:35:00+00:00,122,78057.43,78091.16,True,1.0
btc-updown-5m-1777218000,https://polymarket.com/zh/event/btc-updown-5m-1777218000,23:40-23:45,2026-04-26 15:40:02+00:00,2026-04-26 15:44:59+00:00,2026-04-26 15:40:00+00:00,128,,78062.78,False,
btc-updown-5m-1777218300,https://polymarket.com/zh/event/btc-updown-5m-1777218300,23:45-23:50,2026-04-26 15:45:02+00:00,2026-04-26 15:49:59+00:00,2026-04-26 15:45:00+00:00,129,78062.78,78037.5,True,0.0
btc-updown-5m-1777218600,https://polymarket.com/zh/event/btc-updown-5m-1777218600,23:50-23:55,2026-04-26 15:50:02+00:00,2026-04-26 15:54:59+00:00,2026-04-26 15:50:00+00:00,127,78037.52,78070.82,True,1.0
btc-updown-5m-1777218900,https://polymarket.com/zh/event/btc-updown-5m-1777218900,23:55-00:00,2026-04-26 15:55:02+00:00,2026-04-26 15:59:59+00:00,2026-04-26 15:55:00+00:00,127,78070.82,78073.83,True,1.0
btc-updown-5m-1777219200,https://polymarket.com/zh/event/btc-updown-5m-1777219200,00:00-00:05,2026-04-26 16:00:02+00:00,2026-04-26 16:04:58+00:00,2026-04-26 16:00:00+00:00,128,,78073.83,False,
btc-updown-5m-1777219500,https://polymarket.com/zh/event/btc-updown-5m-1777219500,00:05-00:10,2026-04-26 16:05:01+00:00,2026-04-26 16:09:59+00:00,2026-04-26 16:05:00+00:00,128,78073.83,78068.92,True,0.0
btc-updown-5m-1777219800,https://polymarket.com/zh/event/btc-updown-5m-1777219800,00:10-00:15,2026-04-26 16:10:02+00:00,2026-04-26 16:14:58+00:00,2026-04-26 16:10:00+00:00,128,78069.54,78041.74,True,0.0
btc-updown-5m-1777220100,https://polymarket.com/zh/event/btc-updown-5m-1777220100,00:15-00:20,2026-04-26 16:15:01+00:00,2026-04-26 16:20:00+00:00,2026-04-26 16:15:00+00:00,130,78041.74,78066.72,True,1.0
btc-updown-5m-1777220400,https://polymarket.com/zh/event/btc-updown-5m-1777220400,00:20-00:25,2026-04-26 16:20:02+00:00,2026-04-26 16:24:59+00:00,2026-04-26 16:20:00+00:00,126,,78069.67,False,
btc-updown-5m-1777220700,https://polymarket.com/zh/event/btc-updown-5m-1777220700,00:25-00:30,2026-04-26 16:25:02+00:00,2026-04-26 16:29:59+00:00,2026-04-26 16:25:00+00:00,129,,78072.65,False,
btc-updown-5m-1777221000,https://polymarket.com/zh/event/btc-updown-5m-1777221000,00:30-00:35,2026-04-26 16:30:02+00:00,2026-04-26 16:34:59+00:00,2026-04-26 16:30:00+00:00,126,78072.65,78101.69,True,1.0
btc-updown-5m-1777221300,https://polymarket.com/zh/event/btc-updown-5m-1777221300,00:35-00:40,2026-04-26 16:35:02+00:00,2026-04-26 16:39:59+00:00,2026-04-26 16:35:00+00:00,127,,78062.12,False,
btc-updown-5m-1777221600,https://polymarket.com/zh/event/btc-updown-5m-1777221600,00:40-00:45,2026-04-26 16:40:02+00:00,2026-04-26 16:44:59+00:00,2026-04-26 16:40:00+00:00,128,78062.12,78020.0,True,0.0
btc-updown-5m-1777221900,https://polymarket.com/zh/event/btc-updown-5m-1777221900,00:45-00:50,2026-04-26 16:45:02+00:00,2026-04-26 16:49:59+00:00,2026-04-26 16:45:00+00:00,128,77993.03,78048.3,True,1.0
btc-updown-5m-1777222200,https://polymarket.com/zh/event/btc-updown-5m-1777222200,00:50-00:55,2026-04-26 16:50:01+00:00,2026-04-26 16:55:00+00:00,2026-04-26 16:50:00+00:00,130,78048.3,78050.71,True,1.0
btc-updown-5m-1777222500,https://polymarket.com/zh/event/btc-updown-5m-1777222500,00:55-01:00,2026-04-26 16:55:02+00:00,2026-04-26 16:59:58+00:00,2026-04-26 16:55:00+00:00,126,,77955.83,False,
btc-updown-5m-1777222800,https://polymarket.com/zh/event/btc-updown-5m-1777222800,01:00-01:05,2026-04-26 17:00:00+00:00,2026-04-26 17:04:58+00:00,2026-04-26 17:00:00+00:00,128,77945.43,77988.55,True,1.0
btc-updown-5m-1777223100,https://polymarket.com/zh/event/btc-updown-5m-1777223100,01:05-01:10,2026-04-26 17:05:01+00:00,2026-04-26 17:09:59+00:00,2026-04-26 17:05:00+00:00,128,77988.55,78024.93,True,1.0
btc-updown-5m-1777223400,https://polymarket.com/zh/event/btc-updown-5m-1777223400,01:10-01:15,2026-04-26 17:10:02+00:00,2026-04-26 17:14:58+00:00,2026-04-26 17:10:00+00:00,129,,78039.0,False,
btc-updown-5m-1777223700,https://polymarket.com/zh/event/btc-updown-5m-1777223700,01:15-01:20,2026-04-26 17:15:00+00:00,2026-04-26 17:19:59+00:00,2026-04-26 17:15:00+00:00,129,78039.0,78040.48,True,1.0
btc-updown-5m-1777224000,https://polymarket.com/zh/event/btc-updown-5m-1777224000,01:20-01:25,2026-04-26 17:20:02+00:00,2026-04-26 17:24:58+00:00,2026-04-26 17:20:00+00:00,127,78040.48,78015.68,True,0.0
btc-updown-5m-1777224300,https://polymarket.com/zh/event/btc-updown-5m-1777224300,01:25-01:30,2026-04-26 17:25:01+00:00,2026-04-26 17:29:59+00:00,2026-04-26 17:25:00+00:00,128,78027.91,78041.31,True,1.0
btc-updown-5m-1777224600,https://polymarket.com/zh/event/btc-updown-5m-1777224600,01:30-01:35,2026-04-26 17:30:02+00:00,2026-04-26 17:34:59+00:00,2026-04-26 17:30:00+00:00,126,78040.12,78004.78,True,0.0
btc-updown-5m-1777224900,https://polymarket.com/zh/event/btc-updown-5m-1777224900,01:35-01:40,2026-04-26 17:35:01+00:00,2026-04-26 17:39:59+00:00,2026-04-26 17:35:00+00:00,127,78004.79,78001.68,True,0.0
btc-updown-5m-1777225200,https://polymarket.com/zh/event/btc-updown-5m-1777225200,01:40-01:45,2026-04-26 17:40:02+00:00,2026-04-26 17:44:58+00:00,2026-04-26 17:40:00+00:00,127,78001.68,78038.3,True,1.0
btc-updown-5m-1777225500,https://polymarket.com/zh/event/btc-updown-5m-1777225500,01:45-01:50,2026-04-26 17:45:01+00:00,2026-04-26 17:49:59+00:00,2026-04-26 17:45:00+00:00,130,78038.31,78045.02,True,1.0
btc-updown-5m-1777225800,https://polymarket.com/zh/event/btc-updown-5m-1777225800,01:50-01:55,2026-04-26 17:50:02+00:00,2026-04-26 17:54:58+00:00,2026-04-26 17:50:00+00:00,126,78045.02,78044.92,True,0.0
btc-updown-5m-1777226100,https://polymarket.com/zh/event/btc-updown-5m-1777226100,01:55-02:00,2026-04-26 17:55:01+00:00,2026-04-26 17:59:58+00:00,2026-04-26 17:55:00+00:00,127,78044.32,78037.46,True,0.0
btc-updown-5m-1777226400,https://polymarket.com/zh/event/btc-updown-5m-1777226400,02:00-02:05,2026-04-26 18:00:00+00:00,2026-04-26 18:04:58+00:00,2026-04-26 18:00:00+00:00,129,78037.46,78023.45,True,0.0
btc-updown-5m-1777226700,https://polymarket.com/zh/event/btc-updown-5m-1777226700,02:05-02:10,2026-04-26 18:05:01+00:00,2026-04-26 18:09:59+00:00,2026-04-26 18:05:00+00:00,128,78023.45,78109.92,True,1.0
btc-updown-5m-1777227000,https://polymarket.com/zh/event/btc-updown-5m-1777227000,02:10-02:15,2026-04-26 18:10:02+00:00,2026-04-26 18:14:59+00:00,2026-04-26 18:10:00+00:00,128,78109.91,78126.35,True,1.0
btc-updown-5m-1777227300,https://polymarket.com/zh/event/btc-updown-5m-1777227300,02:15-02:20,2026-04-26 18:15:02+00:00,2026-04-26 18:19:58+00:00,2026-04-26 18:15:00+00:00,126,78124.69,78221.45,True,1.0
btc-updown-5m-1777227600,https://polymarket.com/zh/event/btc-updown-5m-1777227600,02:20-02:25,2026-04-26 18:20:01+00:00,2026-04-26 18:24:58+00:00,2026-04-26 18:20:00+00:00,128,78221.44,78232.07,True,1.0
btc-updown-5m-1777227900,https://polymarket.com/zh/event/btc-updown-5m-1777227900,02:25-02:30,2026-04-26 18:25:01+00:00,2026-04-26 18:30:00+00:00,2026-04-26 18:25:00+00:00,126,78233.56,78202.03,True,0.0
btc-updown-5m-1777228200,https://polymarket.com/zh/event/btc-updown-5m-1777228200,02:30-02:35,2026-04-26 18:30:02+00:00,2026-04-26 18:34:58+00:00,2026-04-26 18:30:00+00:00,125,,78163.97,False,
btc-updown-5m-1777228500,https://polymarket.com/zh/event/btc-updown-5m-1777228500,02:35-02:40,2026-04-26 18:35:01+00:00,2026-04-26 18:39:58+00:00,2026-04-26 18:35:00+00:00,128,78157.88,78182.08,True,1.0
btc-updown-5m-1777228800,https://polymarket.com/zh/event/btc-updown-5m-1777228800,02:40-02:45,2026-04-26 18:40:01+00:00,2026-04-26 18:44:58+00:00,2026-04-26 18:40:00+00:00,128,78182.09,78230.03,True,1.0
btc-updown-5m-1777229100,https://polymarket.com/zh/event/btc-updown-5m-1777229100,02:45-02:50,2026-04-26 18:45:01+00:00,2026-04-26 18:50:00+00:00,2026-04-26 18:45:00+00:00,125,78230.02,78265.25,True,1.0
btc-updown-5m-1777229400,https://polymarket.com/zh/event/btc-updown-5m-1777229400,02:50-02:55,2026-04-26 18:50:02+00:00,2026-04-26 18:54:58+00:00,2026-04-26 18:50:00+00:00,127,,78286.71,False,
btc-updown-5m-1777229700,https://polymarket.com/zh/event/btc-updown-5m-1777229700,02:55-03:00,2026-04-26 18:55:01+00:00,2026-04-26 18:59:59+00:00,2026-04-26 18:55:00+00:00,125,78286.71,78299.9,True,1.0
btc-updown-5m-1777230000,https://polymarket.com/zh/event/btc-updown-5m-1777230000,03:00-03:05,2026-04-26 19:00:02+00:00,2026-04-26 19:04:59+00:00,2026-04-26 19:00:00+00:00,129,78325.0,78230.71,True,0.0
btc-updown-5m-1777230300,https://polymarket.com/zh/event/btc-updown-5m-1777230300,03:05-03:10,2026-04-26 19:05:02+00:00,2026-04-26 19:09:59+00:00,2026-04-26 19:05:00+00:00,126,,78313.29,False,
btc-updown-5m-1777230600,https://polymarket.com/zh/event/btc-updown-5m-1777230600,03:10-03:15,2026-04-26 19:10:02+00:00,2026-04-26 19:14:59+00:00,2026-04-26 19:10:00+00:00,127,78313.29,78415.21,True,1.0
btc-updown-5m-1777230900,https://polymarket.com/zh/event/btc-updown-5m-1777230900,03:15-03:20,2026-04-26 19:15:02+00:00,2026-04-26 19:19:59+00:00,2026-04-26 19:15:00+00:00,126,78420.11,78414.77,True,0.0
btc-updown-5m-1777231200,https://polymarket.com/zh/event/btc-updown-5m-1777231200,03:20-03:25,2026-04-26 19:20:02+00:00,2026-04-26 19:24:59+00:00,2026-04-26 19:20:00+00:00,125,78418.23,78250.0,True,0.0
btc-updown-5m-1777231500,https://polymarket.com/zh/event/btc-updown-5m-1777231500,03:25-03:30,2026-04-26 19:25:02+00:00,2026-04-26 19:29:59+00:00,2026-04-26 19:25:00+00:00,128,78248.01,78222.05,True,0.0
btc-updown-5m-1777231800,https://polymarket.com/zh/event/btc-updown-5m-1777231800,03:30-03:35,2026-04-26 19:30:02+00:00,2026-04-26 19:34:58+00:00,2026-04-26 19:30:00+00:00,128,,78172.23,False,
btc-updown-5m-1777232100,https://polymarket.com/zh/event/btc-updown-5m-1777232100,03:35-03:40,2026-04-26 19:35:01+00:00,2026-04-26 19:39:59+00:00,2026-04-26 19:35:00+00:00,128,78177.31,78122.4,True,0.0
btc-updown-5m-1777232400,https://polymarket.com/zh/event/btc-updown-5m-1777232400,03:40-03:45,2026-04-26 19:40:02+00:00,2026-04-26 19:44:58+00:00,2026-04-26 19:40:00+00:00,126,78136.86,78208.01,True,1.0
btc-updown-5m-1777232700,https://polymarket.com/zh/event/btc-updown-5m-1777232700,03:45-03:50,2026-04-26 19:45:01+00:00,2026-04-26 19:49:58+00:00,2026-04-26 19:45:00+00:00,123,78208.02,78257.09,True,1.0
btc-updown-5m-1777233000,https://polymarket.com/zh/event/btc-updown-5m-1777233000,03:50-03:55,2026-04-26 19:50:01+00:00,2026-04-26 19:54:58+00:00,2026-04-26 19:50:00+00:00,126,78257.09,78290.33,True,1.0
btc-updown-5m-1777233300,https://polymarket.com/zh/event/btc-updown-5m-1777233300,03:55-04:00,2026-04-26 19:55:01+00:00,2026-04-26 19:59:59+00:00,2026-04-26 19:55:00+00:00,129,78298.0,78258.0,True,0.0
btc-updown-5m-1777233600,https://polymarket.com/zh/event/btc-updown-5m-1777233600,04:00-04:05,2026-04-26 20:00:02+00:00,2026-04-26 20:04:59+00:00,2026-04-26 20:00:00+00:00,127,78258.01,78269.75,True,1.0
btc-updown-5m-1777233900,https://polymarket.com/zh/event/btc-updown-5m-1777233900,04:05-04:10,2026-04-26 20:05:02+00:00,2026-04-26 20:09:58+00:00,2026-04-26 20:05:00+00:00,126,,78285.01,False,
btc-updown-5m-1777234200,https://polymarket.com/zh/event/btc-updown-5m-1777234200,04:10-04:15,2026-04-26 20:10:00+00:00,2026-04-26 20:15:00+00:00,2026-04-26 20:10:00+00:00,130,78284.17,78211.62,True,0.0
btc-updown-5m-1777234500,https://polymarket.com/zh/event/btc-updown-5m-1777234500,04:15-04:20,2026-04-26 20:15:02+00:00,2026-04-26 20:20:00+00:00,2026-04-26 20:15:00+00:00,126,,78196.92,False,
btc-updown-5m-1777234800,https://polymarket.com/zh/event/btc-updown-5m-1777234800,04:20-04:25,2026-04-26 20:20:02+00:00,2026-04-26 20:24:56+00:00,2026-04-26 20:20:00+00:00,127,,78233.98,False,
btc-updown-5m-1777235100,https://polymarket.com/zh/event/btc-updown-5m-1777235100,04:25-04:30,2026-04-26 20:25:01+00:00,2026-04-26 20:29:58+00:00,2026-04-26 20:25:00+00:00,128,78233.97,78255.01,True,1.0
btc-updown-5m-1777235400,https://polymarket.com/zh/event/btc-updown-5m-1777235400,04:30-04:35,2026-04-26 20:30:01+00:00,2026-04-26 20:34:59+00:00,2026-04-26 20:30:00+00:00,129,78251.34,78378.01,True,1.0
btc-updown-5m-1777235700,https://polymarket.com/zh/event/btc-updown-5m-1777235700,04:35-04:40,2026-04-26 20:35:01+00:00,2026-04-26 20:39:59+00:00,2026-04-26 20:35:00+00:00,117,78378.02,78290.33,True,0.0
btc-updown-5m-1777236000,https://polymarket.com/zh/event/btc-updown-5m-1777236000,04:40-04:45,2026-04-26 20:40:02+00:00,2026-04-26 20:44:59+00:00,2026-04-26 20:40:00+00:00,120,,78316.23,False,
btc-updown-5m-1777236300,https://polymarket.com/zh/event/btc-updown-5m-1777236300,04:45-04:50,2026-04-26 20:45:02+00:00,2026-04-26 20:50:00+00:00,2026-04-26 20:45:00+00:00,123,78317.24,78313.27,True,0.0
btc-updown-5m-1777236600,https://polymarket.com/zh/event/btc-updown-5m-1777236600,04:50-04:55,2026-04-26 20:50:03+00:00,2026-04-26 20:54:59+00:00,2026-04-26 20:50:00+00:00,120,,78284.02,False,
btc-updown-5m-1777236900,https://polymarket.com/zh/event/btc-updown-5m-1777236900,04:55-05:00,2026-04-26 20:55:02+00:00,2026-04-26 20:59:59+00:00,2026-04-26 20:55:00+00:00,121,78280.01,78228.59,True,0.0
btc-updown-5m-1777237200,https://polymarket.com/zh/event/btc-updown-5m-1777237200,05:00-05:05,2026-04-26 21:00:01+00:00,2026-04-26 21:04:59+00:00,2026-04-26 21:00:00+00:00,120,78230.08,78300.0,True,1.0
btc-updown-5m-1777237500,https://polymarket.com/zh/event/btc-updown-5m-1777237500,05:05-05:10,2026-04-26 21:05:02+00:00,2026-04-26 21:09:59+00:00,2026-04-26 21:05:00+00:00,121,78300.0,78280.97,True,0.0
btc-updown-5m-1777237800,https://polymarket.com/zh/event/btc-updown-5m-1777237800,05:10-05:15,2026-04-26 21:10:02+00:00,2026-04-26 21:15:00+00:00,2026-04-26 21:10:00+00:00,121,78280.97,78267.91,True,0.0
btc-updown-5m-1777238100,https://polymarket.com/zh/event/btc-updown-5m-1777238100,05:15-05:20,2026-04-26 21:15:02+00:00,2026-04-26 21:19:59+00:00,2026-04-26 21:15:00+00:00,120,,78267.12,False,
btc-updown-5m-1777238400,https://polymarket.com/zh/event/btc-updown-5m-1777238400,05:20-05:25,2026-04-26 21:20:02+00:00,2026-04-26 21:25:00+00:00,2026-04-26 21:20:00+00:00,121,78275.9,78280.79,True,1.0
btc-updown-5m-1777238700,https://polymarket.com/zh/event/btc-updown-5m-1777238700,05:25-05:30,2026-04-26 21:25:03+00:00,2026-04-26 21:29:59+00:00,2026-04-26 21:25:00+00:00,120,,78218.71,False,
btc-updown-5m-1777239000,https://polymarket.com/zh/event/btc-updown-5m-1777239000,05:30-05:35,2026-04-26 21:30:01+00:00,2026-04-26 21:34:58+00:00,2026-04-26 21:30:00+00:00,120,78218.71,78034.8,True,0.0
btc-updown-5m-1777239300,https://polymarket.com/zh/event/btc-updown-5m-1777239300,05:35-05:40,2026-04-26 21:35:01+00:00,2026-04-26 21:39:58+00:00,2026-04-26 21:35:00+00:00,119,78066.0,78064.1,True,0.0
btc-updown-5m-1777239600,https://polymarket.com/zh/event/btc-updown-5m-1777239600,05:40-05:45,2026-04-26 21:40:01+00:00,2026-04-26 21:44:59+00:00,2026-04-26 21:40:00+00:00,121,78064.1,78021.68,True,0.0
btc-updown-5m-1777239900,https://polymarket.com/zh/event/btc-updown-5m-1777239900,05:45-05:50,2026-04-26 21:45:02+00:00,2026-04-26 21:49:59+00:00,2026-04-26 21:45:00+00:00,120,78021.71,77980.3,True,0.0
btc-updown-5m-1777240200,https://polymarket.com/zh/event/btc-updown-5m-1777240200,05:50-05:55,2026-04-26 21:50:02+00:00,2026-04-26 21:54:59+00:00,2026-04-26 21:50:00+00:00,120,77982.0,78385.0,True,1.0
btc-updown-5m-1777240500,https://polymarket.com/zh/event/btc-updown-5m-1777240500,05:55-06:00,2026-04-26 21:55:01+00:00,2026-04-26 21:59:59+00:00,2026-04-26 21:55:00+00:00,120,78570.44,78437.96,True,0.0
btc-updown-5m-1777240800,https://polymarket.com/zh/event/btc-updown-5m-1777240800,06:00-06:05,2026-04-26 22:00:02+00:00,2026-04-26 22:04:59+00:00,2026-04-26 22:00:00+00:00,118,78378.88,78428.07,True,1.0
btc-updown-5m-1777241100,https://polymarket.com/zh/event/btc-updown-5m-1777241100,06:05-06:10,2026-04-26 22:05:02+00:00,2026-04-26 22:10:00+00:00,2026-04-26 22:05:00+00:00,120,78444.47,78559.28,True,1.0
btc-updown-5m-1777241400,https://polymarket.com/zh/event/btc-updown-5m-1777241400,06:10-06:15,2026-04-26 22:10:03+00:00,2026-04-26 22:14:59+00:00,2026-04-26 22:10:00+00:00,120,,78588.82,False,
btc-updown-5m-1777241700,https://polymarket.com/zh/event/btc-updown-5m-1777241700,06:15-06:20,2026-04-26 22:15:02+00:00,2026-04-26 22:19:59+00:00,2026-04-26 22:15:00+00:00,122,,78763.94,False,
btc-updown-5m-1777242000,https://polymarket.com/zh/event/btc-updown-5m-1777242000,06:20-06:25,2026-04-26 22:20:02+00:00,2026-04-26 22:24:58+00:00,2026-04-26 22:20:00+00:00,120,78763.95,78697.05,True,0.0
btc-updown-5m-1777242300,https://polymarket.com/zh/event/btc-updown-5m-1777242300,06:25-06:30,2026-04-26 22:25:00+00:00,2026-04-26 22:30:00+00:00,2026-04-26 22:25:00+00:00,121,78690.19,78546.16,True,0.0
btc-updown-5m-1777242600,https://polymarket.com/zh/event/btc-updown-5m-1777242600,06:30-06:35,2026-04-26 22:30:03+00:00,2026-04-26 22:35:00+00:00,2026-04-26 22:30:00+00:00,120,,78078.0,False,
btc-updown-5m-1777242900,https://polymarket.com/zh/event/btc-updown-5m-1777242900,06:35-06:40,2026-04-26 22:35:02+00:00,2026-04-26 22:39:58+00:00,2026-04-26 22:35:00+00:00,119,,78191.15,False,
btc-updown-5m-1777243200,https://polymarket.com/zh/event/btc-updown-5m-1777243200,06:40-06:45,2026-04-26 22:40:01+00:00,2026-04-26 22:45:00+00:00,2026-04-26 22:40:00+00:00,121,78193.0,78300.72,True,1.0
btc-updown-5m-1777243500,https://polymarket.com/zh/event/btc-updown-5m-1777243500,06:45-06:50,2026-04-26 22:45:02+00:00,2026-04-26 22:49:58+00:00,2026-04-26 22:45:00+00:00,120,,78418.24,False,
btc-updown-5m-1777243800,https://polymarket.com/zh/event/btc-updown-5m-1777243800,06:50-06:55,2026-04-26 22:50:01+00:00,2026-04-26 22:54:58+00:00,2026-04-26 22:50:00+00:00,120,78418.24,78382.15,True,0.0
btc-updown-5m-1777244100,https://polymarket.com/zh/event/btc-updown-5m-1777244100,06:55-07:00,2026-04-26 22:55:00+00:00,2026-04-26 22:59:58+00:00,2026-04-26 22:55:00+00:00,122,78382.15,78335.01,True,0.0
btc-updown-5m-1777244400,https://polymarket.com/zh/event/btc-updown-5m-1777244400,07:00-07:05,2026-04-26 23:00:01+00:00,2026-04-26 23:05:00+00:00,2026-04-26 23:00:00+00:00,122,78333.24,78338.11,True,1.0
btc-updown-5m-1777244700,https://polymarket.com/zh/event/btc-updown-5m-1777244700,07:05-07:10,2026-04-26 23:05:02+00:00,2026-04-26 23:09:59+00:00,2026-04-26 23:05:00+00:00,120,,78337.99,False,
btc-updown-5m-1777245000,https://polymarket.com/zh/event/btc-updown-5m-1777245000,07:10-07:15,2026-04-26 23:10:02+00:00,2026-04-26 23:15:00+00:00,2026-04-26 23:10:00+00:00,121,78337.99,78372.32,True,1.0
btc-updown-5m-1777245300,https://polymarket.com/zh/event/btc-updown-5m-1777245300,07:15-07:20,2026-04-26 23:15:03+00:00,2026-04-26 23:19:58+00:00,2026-04-26 23:15:00+00:00,120,,78305.32,False,
btc-updown-5m-1777245600,https://polymarket.com/zh/event/btc-updown-5m-1777245600,07:20-07:25,2026-04-26 23:20:00+00:00,2026-04-26 23:25:00+00:00,2026-04-26 23:20:00+00:00,122,78306.5,78414.96,True,1.0
btc-updown-5m-1777245900,https://polymarket.com/zh/event/btc-updown-5m-1777245900,07:25-07:30,2026-04-26 23:25:02+00:00,2026-04-26 23:29:58+00:00,2026-04-26 23:25:00+00:00,120,,78182.45,False,
btc-updown-5m-1777246200,https://polymarket.com/zh/event/btc-updown-5m-1777246200,07:30-07:35,2026-04-26 23:30:00+00:00,2026-04-26 23:34:59+00:00,2026-04-26 23:30:00+00:00,121,78172.25,78356.97,True,1.0
btc-updown-5m-1777246500,https://polymarket.com/zh/event/btc-updown-5m-1777246500,07:35-07:40,2026-04-26 23:35:07+00:00,2026-04-26 23:39:58+00:00,2026-04-26 23:35:00+00:00,117,,78444.69,False,
btc-updown-5m-1777246800,https://polymarket.com/zh/event/btc-updown-5m-1777246800,07:40-07:45,2026-04-26 23:40:01+00:00,2026-04-26 23:44:58+00:00,2026-04-26 23:40:00+00:00,118,78460.88,78621.0,True,1.0
btc-updown-5m-1777247100,https://polymarket.com/zh/event/btc-updown-5m-1777247100,07:45-07:50,2026-04-26 23:45:01+00:00,2026-04-26 23:49:59+00:00,2026-04-26 23:45:00+00:00,119,78618.01,78779.04,True,1.0
btc-updown-5m-1777247400,https://polymarket.com/zh/event/btc-updown-5m-1777247400,07:50-07:55,2026-04-26 23:50:02+00:00,2026-04-26 23:54:58+00:00,2026-04-26 23:50:00+00:00,118,78779.03,78677.35,True,0.0
btc-updown-5m-1777247700,https://polymarket.com/zh/event/btc-updown-5m-1777247700,07:55-08:00,2026-04-26 23:55:01+00:00,2026-04-26 23:59:59+00:00,2026-04-26 23:55:00+00:00,119,78677.35,78665.92,True,0.0
btc-updown-5m-1777248000,https://polymarket.com/zh/event/btc-updown-5m-1777248000,08:00-08:05,2026-04-27 00:00:02+00:00,2026-04-27 00:04:59+00:00,2026-04-27 00:00:00+00:00,119,78676.0,78818.6,True,1.0
btc-updown-5m-1777248300,https://polymarket.com/zh/event/btc-updown-5m-1777248300,08:05-08:10,2026-04-27 00:05:02+00:00,2026-04-27 00:10:00+00:00,2026-04-27 00:05:00+00:00,118,78824.34,78739.68,True,0.0
btc-updown-5m-1777248600,https://polymarket.com/zh/event/btc-updown-5m-1777248600,08:10-08:15,2026-04-27 00:10:03+00:00,2026-04-27 00:14:58+00:00,2026-04-27 00:10:00+00:00,118,,78601.01,False,
btc-updown-5m-1777248900,https://polymarket.com/zh/event/btc-updown-5m-1777248900,08:15-08:20,2026-04-27 00:15:01+00:00,2026-04-27 00:19:58+00:00,2026-04-27 00:15:00+00:00,119,78595.36,78581.04,True,0.0
btc-updown-5m-1777249200,https://polymarket.com/zh/event/btc-updown-5m-1777249200,08:20-08:25,2026-04-27 00:20:01+00:00,2026-04-27 00:24:58+00:00,2026-04-27 00:20:00+00:00,120,78631.43,78563.24,True,0.0
btc-updown-5m-1777249500,https://polymarket.com/zh/event/btc-updown-5m-1777249500,08:25-08:30,2026-04-27 00:25:00+00:00,2026-04-27 00:29:58+00:00,2026-04-27 00:25:00+00:00,118,78563.63,78499.08,True,0.0
btc-updown-5m-1777249800,https://polymarket.com/zh/event/btc-updown-5m-1777249800,08:30-08:35,2026-04-27 00:30:01+00:00,2026-04-27 00:34:59+00:00,2026-04-27 00:30:00+00:00,119,78499.08,78501.76,True,1.0
btc-updown-5m-1777250100,https://polymarket.com/zh/event/btc-updown-5m-1777250100,08:35-08:40,2026-04-27 00:35:02+00:00,2026-04-27 00:39:59+00:00,2026-04-27 00:35:00+00:00,117,78493.68,78682.4,True,1.0
btc-updown-5m-1777250400,https://polymarket.com/zh/event/btc-updown-5m-1777250400,08:40-08:45,2026-04-27 00:40:02+00:00,2026-04-27 00:44:58+00:00,2026-04-27 00:40:00+00:00,119,78682.4,78833.11,True,1.0
btc-updown-5m-1777250700,https://polymarket.com/zh/event/btc-updown-5m-1777250700,08:45-08:50,2026-04-27 00:45:01+00:00,2026-04-27 00:50:00+00:00,2026-04-27 00:45:00+00:00,119,78833.1,78837.95,True,1.0
btc-updown-5m-1777251000,https://polymarket.com/zh/event/btc-updown-5m-1777251000,08:50-08:55,2026-04-27 00:50:03+00:00,2026-04-27 00:54:58+00:00,2026-04-27 00:50:00+00:00,118,,78976.0,False,
btc-updown-5m-1777251300,https://polymarket.com/zh/event/btc-updown-5m-1777251300,08:55-09:00,2026-04-27 00:55:00+00:00,2026-04-27 00:59:59+00:00,2026-04-27 00:55:00+00:00,119,78980.0,79263.97,True,1.0
btc-updown-5m-1777251600,https://polymarket.com/zh/event/btc-updown-5m-1777251600,09:00-09:05,2026-04-27 01:00:02+00:00,2026-04-27 01:04:58+00:00,2026-04-27 01:00:00+00:00,118,79346.69,79402.24,True,1.0
btc-updown-5m-1777251900,https://polymarket.com/zh/event/btc-updown-5m-1777251900,09:05-09:10,2026-04-27 01:05:01+00:00,2026-04-27 01:09:59+00:00,2026-04-27 01:05:00+00:00,118,79386.51,79161.1,True,0.0
btc-updown-5m-1777252200,https://polymarket.com/zh/event/btc-updown-5m-1777252200,09:10-09:15,2026-04-27 01:10:01+00:00,2026-04-27 01:14:58+00:00,2026-04-27 01:10:00+00:00,119,79157.27,79141.99,True,0.0
btc-updown-5m-1777252500,https://polymarket.com/zh/event/btc-updown-5m-1777252500,09:15-09:20,2026-04-27 01:15:01+00:00,2026-04-27 01:19:59+00:00,2026-04-27 01:15:00+00:00,118,79140.5,79027.4,True,0.0
btc-updown-5m-1777252800,https://polymarket.com/zh/event/btc-updown-5m-1777252800,09:20-09:25,2026-04-27 01:20:02+00:00,2026-04-27 01:24:59+00:00,2026-04-27 01:20:00+00:00,118,79027.4,79042.83,True,1.0
btc-updown-5m-1777253100,https://polymarket.com/zh/event/btc-updown-5m-1777253100,09:25-09:30,2026-04-27 01:25:02+00:00,2026-04-27 01:29:58+00:00,2026-04-27 01:25:00+00:00,117,79031.6,78926.64,True,0.0
btc-updown-5m-1777253400,https://polymarket.com/zh/event/btc-updown-5m-1777253400,09:30-09:35,2026-04-27 01:30:01+00:00,2026-04-27 01:34:59+00:00,2026-04-27 01:30:00+00:00,118,78916.88,78875.53,True,0.0
btc-updown-5m-1777253700,https://polymarket.com/zh/event/btc-updown-5m-1777253700,09:35-09:40,2026-04-27 01:35:02+00:00,2026-04-27 01:39:58+00:00,2026-04-27 01:35:00+00:00,128,78894.06,79098.57,True,1.0
btc-updown-5m-1777254000,https://polymarket.com/zh/event/btc-updown-5m-1777254000,09:40-09:45,2026-04-27 01:40:01+00:00,2026-04-27 01:44:58+00:00,2026-04-27 01:40:00+00:00,143,79074.71,79070.94,True,0.0
btc-updown-5m-1777254300,https://polymarket.com/zh/event/btc-updown-5m-1777254300,09:45-09:50,2026-04-27 01:45:00+00:00,2026-04-27 01:49:58+00:00,2026-04-27 01:45:00+00:00,149,79070.94,79352.01,True,1.0
btc-updown-5m-1777254600,https://polymarket.com/zh/event/btc-updown-5m-1777254600,09:50-09:55,2026-04-27 01:50:01+00:00,2026-04-27 01:55:00+00:00,2026-04-27 01:50:00+00:00,150,79346.49,79244.8,True,0.0
btc-updown-5m-1777254900,https://polymarket.com/zh/event/btc-updown-5m-1777254900,09:55-10:00,2026-04-27 01:55:02+00:00,2026-04-27 01:59:58+00:00,2026-04-27 01:55:00+00:00,147,79244.8,79295.42,True,1.0
btc-updown-5m-1777255200,https://polymarket.com/zh/event/btc-updown-5m-1777255200,10:00-10:05,2026-04-27 02:00:00+00:00,2026-04-27 02:04:58+00:00,2026-04-27 02:00:00+00:00,147,79301.99,79205.43,True,0.0
btc-updown-5m-1777255500,https://polymarket.com/zh/event/btc-updown-5m-1777255500,10:05-10:10,2026-04-27 02:05:00+00:00,2026-04-27 02:09:59+00:00,2026-04-27 02:05:00+00:00,148,79205.43,79156.28,True,0.0
btc-updown-5m-1777255800,https://polymarket.com/zh/event/btc-updown-5m-1777255800,10:10-10:15,2026-04-27 02:10:01+00:00,2026-04-27 02:14:59+00:00,2026-04-27 02:10:00+00:00,149,79156.3,79189.04,True,1.0
btc-updown-5m-1777256100,https://polymarket.com/zh/event/btc-updown-5m-1777256100,10:15-10:20,2026-04-27 02:15:02+00:00,2026-04-27 02:19:59+00:00,2026-04-27 02:15:00+00:00,149,79191.09,79195.6,True,1.0
btc-updown-5m-1777256400,https://polymarket.com/zh/event/btc-updown-5m-1777256400,10:20-10:25,2026-04-27 02:20:01+00:00,2026-04-27 02:24:59+00:00,2026-04-27 02:20:00+00:00,149,79189.04,79120.82,True,0.0
btc-updown-5m-1777256700,https://polymarket.com/zh/event/btc-updown-5m-1777256700,10:25-10:30,2026-04-27 02:25:01+00:00,2026-04-27 02:29:59+00:00,2026-04-27 02:25:00+00:00,148,79119.02,79136.0,True,1.0
btc-updown-5m-1777257000,https://polymarket.com/zh/event/btc-updown-5m-1777257000,10:30-10:35,2026-04-27 02:30:01+00:00,2026-04-27 02:35:00+00:00,2026-04-27 02:30:00+00:00,145,79136.0,79095.98,True,0.0
btc-updown-5m-1777257300,https://polymarket.com/zh/event/btc-updown-5m-1777257300,10:35-10:40,2026-04-27 02:35:02+00:00,2026-04-27 02:39:58+00:00,2026-04-27 02:35:00+00:00,148,,79091.99,False,
btc-updown-5m-1777257600,https://polymarket.com/zh/event/btc-updown-5m-1777257600,10:40-10:45,2026-04-27 02:40:00+00:00,2026-04-27 02:44:59+00:00,2026-04-27 02:40:00+00:00,150,79091.99,79090.65,True,0.0
btc-updown-5m-1777257900,https://polymarket.com/zh/event/btc-updown-5m-1777257900,10:45-10:50,2026-04-27 02:45:01+00:00,2026-04-27 02:50:00+00:00,2026-04-27 02:45:00+00:00,150,79091.63,79119.27,True,1.0
btc-updown-5m-1777258200,https://polymarket.com/zh/event/btc-updown-5m-1777258200,10:50-10:55,2026-04-27 02:50:02+00:00,2026-04-27 02:54:59+00:00,2026-04-27 02:50:00+00:00,145,,79215.28,False,
btc-updown-5m-1777258500,https://polymarket.com/zh/event/btc-updown-5m-1777258500,10:55-11:00,2026-04-27 02:55:01+00:00,2026-04-27 02:59:58+00:00,2026-04-27 02:55:00+00:00,150,79215.28,79150.0,True,0.0
btc-updown-5m-1777258800,https://polymarket.com/zh/event/btc-updown-5m-1777258800,11:00-11:05,2026-04-27 03:00:00+00:00,2026-04-27 03:04:59+00:00,2026-04-27 03:00:00+00:00,150,79149.68,79163.01,True,1.0
btc-updown-5m-1777259100,https://polymarket.com/zh/event/btc-updown-5m-1777259100,11:05-11:10,2026-04-27 03:05:01+00:00,2026-04-27 03:09:59+00:00,2026-04-27 03:05:00+00:00,149,79158.01,79221.88,True,1.0
btc-updown-5m-1777259400,https://polymarket.com/zh/event/btc-updown-5m-1777259400,11:10-11:15,2026-04-27 03:10:01+00:00,2026-04-27 03:14:58+00:00,2026-04-27 03:10:00+00:00,145,79225.0,79232.0,True,1.0
btc-updown-5m-1777259700,https://polymarket.com/zh/event/btc-updown-5m-1777259700,11:15-11:20,2026-04-27 03:15:00+00:00,2026-04-27 03:19:59+00:00,2026-04-27 03:15:00+00:00,148,79232.0,79263.97,True,1.0
btc-updown-5m-1777260000,https://polymarket.com/zh/event/btc-updown-5m-1777260000,11:20-11:25,2026-04-27 03:20:01+00:00,2026-04-27 03:25:00+00:00,2026-04-27 03:20:00+00:00,151,79263.97,79268.46,True,1.0
btc-updown-5m-1777260300,https://polymarket.com/zh/event/btc-updown-5m-1777260300,11:25-11:30,2026-04-27 03:25:02+00:00,2026-04-27 03:29:59+00:00,2026-04-27 03:25:00+00:00,150,79267.76,79267.76,True,0.0
btc-updown-5m-1777260600,https://polymarket.com/zh/event/btc-updown-5m-1777260600,11:30-11:35,2026-04-27 03:30:01+00:00,2026-04-27 03:34:58+00:00,2026-04-27 03:30:00+00:00,150,79284.16,79275.71,True,0.0
btc-updown-5m-1777260900,https://polymarket.com/zh/event/btc-updown-5m-1777260900,11:35-11:40,2026-04-27 03:35:00+00:00,2026-04-27 03:39:58+00:00,2026-04-27 03:35:00+00:00,150,79275.7,79209.22,True,0.0
btc-updown-5m-1777261200,https://polymarket.com/zh/event/btc-updown-5m-1777261200,11:40-11:45,2026-04-27 03:40:01+00:00,2026-04-27 03:44:58+00:00,2026-04-27 03:40:00+00:00,151,79215.27,79259.99,True,1.0
btc-updown-5m-1777261500,https://polymarket.com/zh/event/btc-updown-5m-1777261500,11:45-11:50,2026-04-27 03:45:01+00:00,2026-04-27 03:49:59+00:00,2026-04-27 03:45:00+00:00,151,79259.99,79224.04,True,0.0
btc-updown-5m-1777261800,https://polymarket.com/zh/event/btc-updown-5m-1777261800,11:50-11:55,2026-04-27 03:50:02+00:00,2026-04-27 03:54:58+00:00,2026-04-27 03:50:00+00:00,150,79224.04,79159.62,True,0.0
btc-updown-5m-1777262100,https://polymarket.com/zh/event/btc-updown-5m-1777262100,11:55-12:00,2026-04-27 03:55:00+00:00,2026-04-27 03:59:59+00:00,2026-04-27 03:55:00+00:00,146,79159.52,79120.02,True,0.0
btc-updown-5m-1777262400,https://polymarket.com/zh/event/btc-updown-5m-1777262400,12:00-12:05,2026-04-27 04:00:02+00:00,2026-04-27 04:04:59+00:00,2026-04-27 04:00:00+00:00,149,79120.02,79141.82,True,1.0
btc-updown-5m-1777262700,https://polymarket.com/zh/event/btc-updown-5m-1777262700,12:05-12:10,2026-04-27 04:05:02+00:00,2026-04-27 04:09:59+00:00,2026-04-27 04:05:00+00:00,148,79126.98,79102.37,True,0.0
btc-updown-5m-1777263000,https://polymarket.com/zh/event/btc-updown-5m-1777263000,12:10-12:15,2026-04-27 04:10:01+00:00,2026-04-27 04:14:59+00:00,2026-04-27 04:10:00+00:00,151,79102.37,79074.25,True,0.0
btc-updown-5m-1777263300,https://polymarket.com/zh/event/btc-updown-5m-1777263300,12:15-12:20,2026-04-27 04:15:02+00:00,2026-04-27 04:19:58+00:00,2026-04-27 04:15:00+00:00,150,79074.25,79051.27,True,0.0
btc-updown-5m-1777263600,https://polymarket.com/zh/event/btc-updown-5m-1777263600,12:20-12:25,2026-04-27 04:20:00+00:00,2026-04-27 04:24:59+00:00,2026-04-27 04:20:00+00:00,147,79051.27,79064.41,True,1.0
btc-updown-5m-1777263900,https://polymarket.com/zh/event/btc-updown-5m-1777263900,12:25-12:30,2026-04-27 04:25:02+00:00,2026-04-27 04:29:59+00:00,2026-04-27 04:25:00+00:00,147,79064.4,79132.73,True,1.0
btc-updown-5m-1777264200,https://polymarket.com/zh/event/btc-updown-5m-1777264200,12:30-12:35,2026-04-27 04:30:02+00:00,2026-04-27 04:34:59+00:00,2026-04-27 04:30:00+00:00,151,79132.72,79041.1,True,0.0
btc-updown-5m-1777264500,https://polymarket.com/zh/event/btc-updown-5m-1777264500,12:35-12:40,2026-04-27 04:35:01+00:00,2026-04-27 04:39:59+00:00,2026-04-27 04:35:00+00:00,146,79039.92,79120.16,True,1.0
btc-updown-5m-1777264800,https://polymarket.com/zh/event/btc-updown-5m-1777264800,12:40-12:45,2026-04-27 04:40:02+00:00,2026-04-27 04:44:59+00:00,2026-04-27 04:40:00+00:00,146,79113.29,79085.02,True,0.0
btc-updown-5m-1777265100,https://polymarket.com/zh/event/btc-updown-5m-1777265100,12:45-12:50,2026-04-27 04:45:01+00:00,2026-04-27 04:49:59+00:00,2026-04-27 04:45:00+00:00,152,79085.02,79001.0,True,0.0
btc-updown-5m-1777265400,https://polymarket.com/zh/event/btc-updown-5m-1777265400,12:50-12:55,2026-04-27 04:50:01+00:00,2026-04-27 04:54:59+00:00,2026-04-27 04:50:00+00:00,147,79001.0,79010.01,True,1.0
btc-updown-5m-1777265700,https://polymarket.com/zh/event/btc-updown-5m-1777265700,12:55-13:00,2026-04-27 04:55:02+00:00,2026-04-27 04:59:58+00:00,2026-04-27 04:55:00+00:00,151,79005.1,78942.02,True,0.0
btc-updown-5m-1777266000,https://polymarket.com/zh/event/btc-updown-5m-1777266000,13:00-13:05,2026-04-27 05:00:01+00:00,2026-04-27 05:04:59+00:00,2026-04-27 05:00:00+00:00,146,78959.44,78781.36,True,0.0
btc-updown-5m-1777266300,https://polymarket.com/zh/event/btc-updown-5m-1777266300,13:05-13:10,2026-04-27 05:05:01+00:00,2026-04-27 05:09:59+00:00,2026-04-27 05:05:00+00:00,150,78776.01,78732.06,True,0.0
btc-updown-5m-1777266600,https://polymarket.com/zh/event/btc-updown-5m-1777266600,13:10-13:15,2026-04-27 05:10:01+00:00,2026-04-27 05:14:59+00:00,2026-04-27 05:10:00+00:00,143,78732.01,78446.0,True,0.0
btc-updown-5m-1777266900,https://polymarket.com/zh/event/btc-updown-5m-1777266900,13:15-13:20,2026-04-27 05:15:01+00:00,2026-04-27 05:20:00+00:00,2026-04-27 05:15:00+00:00,142,78430.05,78037.76,True,0.0
btc-updown-5m-1777267200,https://polymarket.com/zh/event/btc-updown-5m-1777267200,13:20-13:25,2026-04-27 05:20:03+00:00,2026-04-27 05:24:59+00:00,2026-04-27 05:20:00+00:00,138,,78001.38,False,
btc-updown-5m-1777267500,https://polymarket.com/zh/event/btc-updown-5m-1777267500,13:25-13:30,2026-04-27 05:25:02+00:00,2026-04-27 05:29:59+00:00,2026-04-27 05:25:00+00:00,149,77998.41,77847.52,True,0.0
btc-updown-5m-1777267800,https://polymarket.com/zh/event/btc-updown-5m-1777267800,13:30-13:35,2026-04-27 05:30:01+00:00,2026-04-27 05:34:59+00:00,2026-04-27 05:30:00+00:00,134,77838.36,77881.98,True,1.0
btc-updown-5m-1777268100,https://polymarket.com/zh/event/btc-updown-5m-1777268100,13:35-13:40,2026-04-27 05:35:01+00:00,2026-04-27 05:36:54+00:00,2026-04-27 05:35:00+00:00,58,77881.27,77690.37,True,0.0
