slug,window_text,first_quote_ts,close_ts_utc,quote_count_total,quote_count_first2m,target_price,price_after_2m,final_price_last,btc_move_2m,btc_return_bps_2m,mid_up_prob_open,mid_up_prob_2m,mid_up_prob_change_2m,spread_up_median_first2m,spread_down_median_first2m,overround_median_first2m,trade_count_sum_first2m,trade_volume_sum_first2m,outcome_up,realized_pnl_buy_up_from_2m,realized_pnl_buy_down_from_2m
btc-updown-5m-1776998700,10:45-10:50,2026-04-24 02:47:14+00:00,2026-04-24 02:45:00+00:00,64,48,,78379.95,78398.0,,,0.335,0.015,-0.32,1.0,1.0,0.0,,,,,
btc-updown-5m-1776999000,10:50-10:55,2026-04-24 02:50:02+00:00,2026-04-24 02:50:00+00:00,118,48,78397.56,78306.87,78166.51,-90.69000000000233,-11.567962064125764,0.495,0.075,-0.42,1.0,1.0,0.0,,,0.0,-0.08499999999999999,0.06499999999999996
btc-updown-5m-1776999300,10:55-11:00,2026-04-24 02:55:02+00:00,2026-04-24 02:55:00+00:00,116,48,78169.52,78140.14,78154.1,-29.380000000004657,-3.7584981972519027,0.565,0.285,-0.27999999999999997,1.0,1.0,0.0,,,0.0,-0.295,0.2749999999999999
btc-updown-5m-1776999600,11:00-11:05,2026-04-24 03:00:02+00:00,2026-04-24 03:00:00+00:00,117,46,78158.83,78165.23,78161.76,6.399999999994179,0.8188454202799836,0.595,0.595,0.0,1.0,1.0,0.0,,,1.0,0.395,-0.41500000000000004
btc-updown-5m-1776999900,11:05-11:10,2026-04-24 03:05:03+00:00,2026-04-24 03:05:00+00:00,114,46,,78143.0,78162.32,,,0.375,0.375,0.0,1.0,1.0,0.0,,,,,
btc-updown-5m-1777000200,11:10-11:15,2026-04-24 03:10:03+00:00,2026-04-24 03:10:00+00:00,116,48,,78138.82,78157.21,,,0.515,0.285,-0.23000000000000004,1.0,1.0,0.0,,,,,
btc-updown-5m-1777000500,11:15-11:20,2026-04-24 03:15:01+00:00,2026-04-24 03:15:00+00:00,116,48,78157.21,78084.55,78075.69,-72.66000000000349,-9.296647103959248,0.505,0.105,-0.4,1.0,1.0,0.0,,,0.0,-0.11499999999999999,0.09499999999999999
btc-updown-5m-1777000800,11:20-11:25,2026-04-24 03:20:01+00:00,2026-04-24 03:20:00+00:00,117,48,78075.68,78029.87,77731.71,-45.80999999999767,-5.867384056084773,0.525,0.165,-0.36,1.0,1.0,0.0,,,0.0,-0.17500000000000002,0.15500000000000003
btc-updown-5m-1777001100,11:25-11:30,2026-04-24 03:25:02+00:00,2026-04-24 03:25:00+00:00,117,49,77775.9,77853.4,77802.74,77.5,9.964526286420343,0.675,0.905,0.22999999999999998,1.0,1.0,0.0,,,1.0,0.08499999999999998,-0.10499999999999997
btc-updown-5m-1777001400,11:30-11:35,2026-04-24 03:30:01+00:00,2026-04-24 03:30:00+00:00,117,48,77780.74,77690.05,77628.72,-90.69000000000233,-11.659698789186415,0.545,0.105,-0.44000000000000006,1.0,1.0,0.0,,,0.0,-0.11499999999999999,0.09499999999999999
btc-updown-5m-1777001700,11:35-11:40,2026-04-24 03:35:02+00:00,2026-04-24 03:35:00+00:00,117,48,77631.5,77705.47,77705.38,73.97000000000116,9.528348672897106,0.545,0.815,0.2699999999999999,1.0,1.0,0.0,,,1.0,0.17500000000000004,-0.19500000000000006
btc-updown-5m-1777002000,11:40-11:45,2026-04-24 03:40:01+00:00,2026-04-24 03:40:00+00:00,118,48,77705.37,77639.94,77669.44,-65.42999999999302,-8.42026747958256,0.505,0.155,-0.35,1.0,1.0,0.0,,,0.0,-0.165,0.14500000000000002
btc-updown-5m-1777002300,11:45-11:50,2026-04-24 03:45:02+00:00,2026-04-24 03:45:00+00:00,117,48,77669.44,77677.02,77704.76,7.580000000001746,0.9759308165478915,0.505,0.495,-0.010000000000000009,1.0,1.0,0.0,,,1.0,0.495,-0.515
btc-updown-5m-1777002600,11:50-11:55,2026-04-24 03:50:01+00:00,2026-04-24 03:50:00+00:00,118,47,77707.74,77757.3,77749.43,49.55999999999767,6.3777430665204875,0.525,0.855,0.32999999999999996,1.0,1.0,0.0,,,1.0,0.135,-0.15500000000000003
btc-updown-5m-1777002900,11:55-12:00,2026-04-24 03:55:03+00:00,2026-04-24 03:55:00+00:00,116,48,,77740.03,77755.4,,,0.515,0.475,-0.040000000000000036,1.0,1.0,0.0,,,,,
btc-updown-5m-1777003200,12:00-12:05,2026-04-24 04:00:02+00:00,2026-04-24 04:00:00+00:00,119,49,77754.2,77717.76,77709.92,-36.44000000000233,-4.686563555409525,0.505,0.245,-0.26,1.0,1.0,0.0,,,0.0,-0.255,0.235
btc-updown-5m-1777003500,12:05-12:10,2026-04-24 04:05:03+00:00,2026-04-24 04:05:00+00:00,117,48,,77707.99,77713.7,,,0.625,0.465,-0.15999999999999998,1.0,1.0,0.0,,,,,
btc-updown-5m-1777003800,12:10-12:15,2026-04-24 04:10:01+00:00,2026-04-24 04:10:00+00:00,120,48,77707.7,77702.57,77750.03,-5.129999999990105,-0.6601662383509105,0.615,0.515,-0.09999999999999998,1.0,1.0,0.0,,,1.0,0.475,-0.495
btc-updown-5m-1777004100,12:15-12:20,2026-04-24 04:15:03+00:00,2026-04-24 04:15:00+00:00,117,49,,77707.22,77775.28,,,0.605,0.285,-0.32,1.0,1.0,0.0,,,,,
btc-updown-5m-1777004400,12:20-12:25,2026-04-24 04:20:02+00:00,2026-04-24 04:20:00+00:00,117,49,,77828.6,77855.01,,,0.605,0.865,0.26,1.0,1.0,0.0,,,,,
btc-updown-5m-1777004700,12:25-12:30,2026-04-24 04:25:01+00:00,2026-04-24 04:25:00+00:00,117,46,77847.2,77775.91,77635.0,-71.2899999999936,-9.157683256429724,0.505,0.085,-0.42,1.0,1.0,0.0,,,0.0,-0.095,0.07499999999999997
btc-updown-5m-1777005000,12:30-12:35,2026-04-24 04:30:01+00:00,2026-04-24 04:30:00+00:00,117,49,77632.01,77679.68,77642.6,47.669999999998254,6.140508277448729,0.515,0.675,0.16000000000000003,1.0,1.0,0.0,,,1.0,0.31499999999999995,-0.33499999999999996
btc-updown-5m-1777005300,12:35-12:40,2026-04-24 04:35:01+00:00,2026-04-24 04:35:00+00:00,117,48,77615.99,77667.12,77592.37,51.129999999990105,6.5875601148668075,0.555,0.835,0.2799999999999999,1.0,1.0,0.0,,,0.0,-0.845,0.825
btc-updown-5m-1777005600,12:40-12:45,2026-04-24 04:40:02+00:00,2026-04-24 04:40:00+00:00,116,48,,77630.21,77655.0,,,0.535,0.675,0.14,1.0,1.0,0.0,,,,,
btc-updown-5m-1777005900,12:45-12:50,2026-04-24 04:45:02+00:00,2026-04-24 04:45:00+00:00,118,49,77664.29,77687.73,77743.79,23.44000000000233,3.018118108078028,0.605,0.725,0.12,1.0,1.0,0.0,,,1.0,0.265,-0.28500000000000003
btc-updown-5m-1777006200,12:50-12:55,2026-04-24 04:50:03+00:00,2026-04-24 04:50:00+00:00,117,49,,77726.93,77696.96,,,0.615,0.285,-0.33,1.0,1.0,0.0,,,,,
btc-updown-5m-1777006500,12:55-13:00,2026-04-24 04:55:02+00:00,2026-04-24 04:55:00+00:00,118,49,77695.32,77708.86,77682.91,13.539999999993597,1.7427047085968108,0.475,0.605,0.13,1.0,1.0,0.0,,,0.0,-0.615,0.595
btc-updown-5m-1777006800,13:00-13:05,2026-04-24 05:00:01+00:00,2026-04-24 05:00:00+00:00,119,49,77682.91,77692.83,77684.01,9.919999999998254,1.2769861479182814,0.505,0.495,-0.010000000000000009,1.0,1.0,0.0,,,1.0,0.495,-0.515
btc-updown-5m-1777007100,13:05-13:10,2026-04-24 05:05:03+00:00,2026-04-24 05:05:00+00:00,119,48,,77658.47,77635.02,,,0.505,0.255,-0.25,1.0,1.0,0.0,,,,,
btc-updown-5m-1777007400,13:10-13:15,2026-04-24 05:10:03+00:00,2026-04-24 05:10:00+00:00,118,47,,77612.42,77576.17,,,0.545,0.355,-0.19000000000000006,1.0,1.0,0.0,,,,,
btc-updown-5m-1777007700,13:15-13:20,2026-04-24 05:15:02+00:00,2026-04-24 05:15:00+00:00,118,48,,77538.48,77530.96,,,0.51,0.215,-0.29500000000000004,1.0,1.0,0.0,,,,,
btc-updown-5m-1777008000,13:20-13:25,2026-04-24 05:20:02+00:00,2026-04-24 05:20:00+00:00,118,47,77530.97,77588.76,77592.99,57.7899999999936,7.4537955606635125,0.555,0.875,0.31999999999999995,1.0,1.0,0.0,,,1.0,0.115,-0.135
btc-updown-5m-1777008300,13:25-13:30,2026-04-24 05:25:02+00:00,2026-04-24 05:25:00+00:00,118,47,77593.0,77609.99,77654.71,16.99000000000524,2.189630507907316,0.525,0.695,0.16999999999999993,1.0,1.0,0.0,,,1.0,0.29500000000000004,-0.31500000000000006
btc-updown-5m-1777008600,13:30-13:35,2026-04-24 05:30:01+00:00,2026-04-24 05:30:00+00:00,119,47,77654.71,77714.74,77700.2,60.029999999998836,7.730374628918044,0.525,0.725,0.19999999999999996,1.0,1.0,0.0,,,1.0,0.265,-0.28500000000000003
btc-updown-5m-1777008900,13:35-13:40,2026-04-24 05:35:03+00:00,2026-04-24 05:35:00+00:00,117,47,,77705.38,77739.29,,,0.495,0.355,-0.14,1.0,1.0,0.0,,,,,
btc-updown-5m-1777009200,13:40-13:45,2026-04-24 05:40:02+00:00,2026-04-24 05:40:00+00:00,117,47,77741.92,77735.88,77725.88,-6.039999999993597,-0.7769296153212575,0.465,0.425,-0.040000000000000036,1.0,1.0,0.0,,,0.0,-0.435,0.41500000000000004
btc-updown-5m-1777009500,13:45-13:50,2026-04-24 05:45:02+00:00,2026-04-24 05:45:00+00:00,116,46,77728.65,77757.27,77805.01,28.620000000009895,3.6820400199939014,0.485,0.645,0.16000000000000003,1.0,1.0,0.0,,,1.0,0.345,-0.365
btc-updown-5m-1777009800,13:50-13:55,2026-04-24 05:50:01+00:00,2026-04-24 05:50:00+00:00,118,47,77813.09,77831.71,77804.67,18.620000000009895,2.392913583050088,0.455,0.535,0.08000000000000002,1.0,1.0,0.0,,,0.0,-0.545,0.525
btc-updown-5m-1777010100,13:55-14:00,2026-04-24 05:55:02+00:00,2026-04-24 05:55:00+00:00,119,49,77803.58,78008.79,77971.83,205.20999999999185,26.37539300890677,0.485,0.965,0.48,1.0,1.0,0.0,,,1.0,0.02500000000000003,-0.04500000000000003
btc-updown-5m-1777010400,14:00-14:05,2026-04-24 06:00:01+00:00,2026-04-24 06:00:00+00:00,113,43,77974.29,77946.94,77952.61,-27.34999999999127,-3.507566404258541,0.455,0.275,-0.18,1.0,1.0,0.0,,,0.0,-0.28500000000000003,0.265
btc-updown-5m-1777010700,14:05-14:10,2026-04-24 06:05:01+00:00,2026-04-24 06:05:00+00:00,117,46,77944.46,77952.57,77958.8,8.110000000000582,1.040484468043089,0.455,0.485,0.02999999999999997,1.0,1.0,0.0,,,1.0,0.505,-0.525
btc-updown-5m-1777011000,14:10-14:15,2026-04-24 06:10:01+00:00,2026-04-24 06:10:00+00:00,119,48,77958.8,77949.5,77963.27,-9.30000000000291,-1.1929378081759736,0.495,0.445,-0.04999999999999999,1.0,1.0,0.0,,,1.0,0.5449999999999999,-0.565
btc-updown-5m-1777011300,14:15-14:20,2026-04-24 06:15:01+00:00,2026-04-24 06:15:00+00:00,117,47,77968.38,77965.01,77972.7,-3.3700000000098953,-0.43222650002602275,0.475,0.475,0.0,1.0,1.0,0.0,,,1.0,0.515,-0.535
btc-updown-5m-1777011600,14:20-14:25,2026-04-24 06:20:02+00:00,2026-04-24 06:20:00+00:00,118,49,77986.69,77943.74,77916.0,-42.94999999999709,-5.507350036268636,0.495,0.225,-0.27,1.0,1.0,0.0,,,0.0,-0.23500000000000001,0.21499999999999997
btc-updown-5m-1777011900,14:25-14:30,2026-04-24 06:25:02+00:00,2026-04-24 06:25:00+00:00,117,49,77906.11,77862.7,77855.95,-43.41000000000349,-5.572091842347602,0.395,0.125,-0.27,1.0,1.0,0.0,,,0.0,-0.135,0.115
btc-updown-5m-1777012200,14:30-14:35,2026-04-24 06:30:01+00:00,2026-04-24 06:30:00+00:00,117,48,77855.96,77818.37,77879.01,-37.59000000001106,-4.828146746891447,0.54,0.245,-0.29500000000000004,1.0,1.0,0.0,,,1.0,0.745,-0.765
btc-updown-5m-1777012500,14:35-14:40,2026-04-24 06:35:01+00:00,2026-04-24 06:35:00+00:00,116,47,77875.09,77821.58,77853.4,-53.50999999999476,-6.8712601166810545,0.395,0.175,-0.22000000000000003,1.0,1.0,0.0,,,0.0,-0.185,0.16500000000000004
btc-updown-5m-1777012800,14:40-14:45,2026-04-24 06:40:02+00:00,2026-04-24 06:40:00+00:00,116,48,77863.04,77900.0,77835.0,36.9600000000064,4.746796426135739,0.615,0.675,0.06000000000000005,1.0,1.0,0.0,,,0.0,-0.685,0.665
btc-updown-5m-1777013100,14:45-14:50,2026-04-24 06:45:01+00:00,2026-04-24 06:45:00+00:00,117,48,77834.81,77819.39,77875.09,-15.419999999998254,-1.981118730809294,0.495,0.465,-0.02999999999999997,1.0,1.0,0.0,,,1.0,0.5249999999999999,-0.5449999999999999
btc-updown-5m-1777013400,14:50-14:55,2026-04-24 06:50:01+00:00,2026-04-24 06:50:00+00:00,118,49,77875.1,77923.47,77893.69,48.36999999999534,6.211227979160905,0.525,0.825,0.29999999999999993,1.0,1.0,0.0,,,1.0,0.16500000000000004,-0.18500000000000005
btc-updown-5m-1777013700,14:55-15:00,2026-04-24 06:55:01+00:00,2026-04-24 06:55:00+00:00,120,49,77893.7,77878.2,77813.12,-15.5,-1.9898913519321846,0.495,0.305,-0.19,1.0,1.0,0.0,,,0.0,-0.315,0.29499999999999993
btc-updown-5m-1777014000,15:00-15:05,2026-04-24 07:00:03+00:00,2026-04-24 07:00:00+00:00,117,49,,77810.01,77804.98,,,0.425,0.455,0.030000000000000027,1.0,1.0,0.0,,,,,
btc-updown-5m-1777014300,15:05-15:10,2026-04-24 07:05:03+00:00,2026-04-24 07:05:00+00:00,117,49,,77834.66,77829.16,,,0.535,0.685,0.15000000000000002,1.0,1.0,0.0,,,,,
btc-updown-5m-1777014600,15:10-15:15,2026-04-24 07:10:01+00:00,2026-04-24 07:10:00+00:00,119,48,77837.9,77856.51,77785.2,18.610000000000582,2.390866146183361,0.505,0.635,0.13,1.0,1.0,0.0,,,0.0,-0.645,0.625
btc-updown-5m-1777014900,15:15-15:20,2026-04-24 07:15:03+00:00,2026-04-24 07:15:00+00:00,117,49,,77772.82,77726.29,,,0.495,0.405,-0.08999999999999997,1.0,1.0,0.0,,,,,
btc-updown-5m-1777015200,15:20-15:25,2026-04-24 07:20:02+00:00,2026-04-24 07:20:00+00:00,118,49,77719.3,77710.8,77683.33,-8.5,-1.0936794335512543,0.535,0.385,-0.15000000000000002,1.0,1.0,0.0,,,0.0,-0.395,0.375
btc-updown-5m-1777015500,15:25-15:30,2026-04-24 07:25:01+00:00,2026-04-24 07:25:00+00:00,118,49,77683.33,77723.2,77737.62,39.86999999999534,5.1323752470440365,0.535,0.735,0.19999999999999996,1.0,1.0,0.0,,,1.0,0.255,-0.275
btc-updown-5m-1777015800,15:30-15:35,2026-04-24 07:30:01+00:00,2026-04-24 07:30:00+00:00,118,49,77744.89,77712.6,77684.33,-32.2899999999936,-4.153327633493802,0.505,0.235,-0.27,1.0,1.0,0.0,,,0.0,-0.245,0.22499999999999998
btc-updown-5m-1777016100,15:35-15:40,2026-04-24 07:35:02+00:00,2026-04-24 07:35:00+00:00,118,49,77681.06,77677.69,77691.63,-3.3699999999953434,-0.43382518209655524,0.505,0.445,-0.06,1.0,1.0,0.0,,,1.0,0.5449999999999999,-0.565
btc-updown-5m-1777016400,15:40-15:45,2026-04-24 07:40:03+00:00,2026-04-24 07:40:00+00:00,118,49,,77682.91,77678.02,,,0.445,0.335,-0.10999999999999999,1.0,1.0,0.0,,,,,
btc-updown-5m-1777016700,15:45-15:50,2026-04-24 07:45:03+00:00,2026-04-24 07:45:00+00:00,111,49,,77735.99,77735.61,,,0.54,0.895,0.355,1.0,1.0,0.0,,,,,
btc-updown-5m-1777017000,15:50-15:55,2026-04-24 07:50:01+00:00,2026-04-24 07:50:00+00:00,124,50,77736.55,77741.84,77697.07,5.289999999993597,0.6805035726429326,0.485,0.515,0.030000000000000027,1.0,1.0,0.0,,,0.0,-0.525,0.505
btc-updown-5m-1777017300,15:55-16:00,2026-04-24 07:55:07+00:00,2026-04-24 07:55:00+00:00,121,50,,77598.0,77676.96,,,0.615,0.075,-0.54,1.0,1.0,0.0,,,,,
btc-updown-5m-1777017600,16:00-16:05,2026-04-24 08:00:01+00:00,2026-04-24 08:00:00+00:00,122,48,77676.96,77634.31,77603.38,-42.65000000000873,-5.49068861603347,0.505,0.235,-0.27,1.0,1.0,0.0,,,0.0,-0.245,0.22499999999999998
btc-updown-5m-1777017900,16:05-16:10,2026-04-24 08:05:02+00:00,2026-04-24 08:05:00+00:00,123,50,,77593.2,77683.67,,,0.515,0.405,-0.10999999999999999,1.0,1.0,0.0,,,,,
btc-updown-5m-1777018200,16:10-16:15,2026-04-24 08:10:00+00:00,2026-04-24 08:10:00+00:00,123,50,77663.84,77663.85,77713.52,0.010000000009313226,0.0012876005112949895,0.505,0.385,-0.12,1.0,1.0,0.0,,,1.0,0.605,-0.625
btc-updown-5m-1777018500,16:15-16:20,2026-04-24 08:15:01+00:00,2026-04-24 08:15:00+00:00,120,49,77713.52,77848.99,77858.54,135.47000000000116,17.43197322679518,0.525,0.965,0.43999999999999995,1.0,1.0,0.0,,,1.0,0.02500000000000003,-0.04500000000000003
btc-updown-5m-1777018800,16:20-16:25,2026-04-24 08:20:02+00:00,2026-04-24 08:20:00+00:00,121,48,77858.54,77949.2,77942.78,90.66000000000349,11.644194715185193,0.475,0.855,0.38,1.0,1.0,0.0,,,1.0,0.135,-0.15500000000000003
btc-updown-5m-1777019100,16:25-16:30,2026-04-24 08:25:01+00:00,2026-04-24 08:25:00+00:00,124,50,77942.78,77903.18,77878.7,-39.60000000000582,-5.080650189793824,0.455,0.225,-0.23,1.0,1.0,0.0,,,0.0,-0.23500000000000001,0.21499999999999997
btc-updown-5m-1777019400,16:30-16:35,2026-04-24 08:30:01+00:00,2026-04-24 08:30:00+00:00,124,49,77884.25,77849.19,77801.61,-35.05999999999767,-4.501551982589249,0.485,0.265,-0.21999999999999997,1.0,1.0,0.0,,,0.0,-0.275,0.255
btc-updown-5m-1777019700,16:35-16:40,2026-04-24 08:35:02+00:00,2026-04-24 08:35:00+00:00,121,48,,77788.48,77834.58,,,0.495,0.365,-0.13,1.0,1.0,0.0,,,,,
btc-updown-5m-1777020000,16:40-16:45,2026-04-24 08:40:01+00:00,2026-04-24 08:40:00+00:00,122,48,77837.28,77808.19,77768.81,-29.089999999996508,-3.7372837283107154,0.505,0.24,-0.265,1.0,1.0,0.0,,,0.0,-0.25,0.22999999999999998
btc-updown-5m-1777020300,16:45-16:50,2026-04-24 08:45:01+00:00,2026-04-24 08:45:00+00:00,119,48,77768.84,77818.34,77870.49,49.5,6.365017145684569,0.525,0.87,0.345,1.0,1.0,0.0,,,1.0,0.12000000000000001,-0.14
btc-updown-5m-1777020600,16:50-16:55,2026-04-24 08:50:01+00:00,2026-04-24 08:50:00+00:00,122,48,77869.45,77896.01,77881.6,26.55999999999767,3.4108369842085278,0.505,0.645,0.14,1.0,1.0,0.0,,,1.0,0.345,-0.365
btc-updown-5m-1777020900,16:55-17:00,2026-04-24 08:55:01+00:00,2026-04-24 08:55:00+00:00,122,47,77891.83,77867.21,77808.72,-24.619999999995343,-3.1607936288048877,0.485,0.295,-0.19,1.0,1.0,0.0,,,0.0,-0.305,0.2849999999999999
btc-updown-5m-1777021200,17:00-17:05,2026-04-24 09:00:02+00:00,2026-04-24 09:00:00+00:00,123,49,,77752.78,77720.21,,,0.485,0.095,-0.39,1.0,1.0,0.0,,,,,
btc-updown-5m-1777021500,17:05-17:10,2026-04-24 09:05:02+00:00,2026-04-24 09:05:00+00:00,122,49,,77647.44,77462.28,,,0.415,0.065,-0.35,1.0,1.0,0.0,,,,,
btc-updown-5m-1777021800,17:10-17:15,2026-04-24 09:10:01+00:00,2026-04-24 09:10:00+00:00,123,51,77468.17,77484.2,77539.98,16.029999999998836,2.069236952415274,0.545,0.575,0.029999999999999916,1.0,1.0,0.0,,,1.0,0.41500000000000004,-0.43500000000000005
btc-updown-5m-1777022100,17:15-17:20,2026-04-24 09:15:02+00:00,2026-04-24 09:15:00+00:00,121,50,,77623.51,77583.55,,,0.575,0.945,0.37,1.0,1.0,0.0,,,,,
btc-updown-5m-1777022400,17:20-17:25,2026-04-24 09:20:01+00:00,2026-04-24 09:20:00+00:00,122,50,77585.12,77573.56,77511.99,-11.559999999997672,-1.489976428469489,0.54,0.455,-0.08500000000000002,1.0,1.0,0.0,,,0.0,-0.465,0.44500000000000006
btc-updown-5m-1777022700,17:25-17:30,2026-04-24 09:25:01+00:00,2026-04-24 09:25:00+00:00,123,50,77511.98,77503.12,77506.18,-8.860000000000582,-1.1430491131823213,0.535,0.385,-0.15000000000000002,1.0,1.0,0.0,,,0.0,-0.395,0.375
btc-updown-5m-1777023000,17:30-17:35,2026-04-24 09:30:02+00:00,2026-04-24 09:30:00+00:00,122,51,77508.29,77546.84,77513.52,38.55000000000291,4.973661527044774,0.535,0.705,0.16999999999999993,1.0,1.0,0.0,,,1.0,0.28500000000000003,-0.30500000000000005
btc-updown-5m-1777023300,17:35-17:40,2026-04-24 09:35:01+00:00,2026-04-24 09:35:00+00:00,122,50,77513.52,77519.6,77552.33,6.080000000001746,0.7843792927997265,0.515,0.565,0.04999999999999993,1.0,1.0,0.0,,,1.0,0.42500000000000004,-0.44500000000000006
btc-updown-5m-1777023600,17:40-17:45,2026-04-24 09:40:01+00:00,2026-04-24 09:40:00+00:00,123,51,77556.01,77577.64,77604.17,21.630000000004657,2.7889521392352004,0.515,0.685,0.17000000000000004,1.0,1.0,0.0,,,1.0,0.30499999999999994,-0.32499999999999996
btc-updown-5m-1777023900,17:45-17:50,2026-04-24 09:45:01+00:00,2026-04-24 09:45:00+00:00,122,51,77604.17,77554.32,77528.0,-49.84999999999127,-6.423623885158655,0.495,0.155,-0.33999999999999997,1.0,1.0,0.0,,,0.0,-0.165,0.14500000000000002
btc-updown-5m-1777024200,17:50-17:55,2026-04-24 09:50:02+00:00,2026-04-24 09:50:00+00:00,123,51,,77507.98,77587.57,,,0.515,0.375,-0.14,1.0,1.0,0.0,,,,,
btc-updown-5m-1777024500,17:55-18:00,2026-04-24 09:55:01+00:00,2026-04-24 09:55:00+00:00,121,51,77588.39,77550.03,77551.89,-38.36000000000058,-4.944038663516615,0.495,0.175,-0.32,1.0,1.0,0.0,,,0.0,-0.185,0.16500000000000004
btc-updown-5m-1777024800,18:00-18:05,2026-04-24 10:00:01+00:00,2026-04-24 10:00:00+00:00,119,51,77551.89,77483.45,77519.48,-68.44000000000233,-8.82505893795784,0.495,0.105,-0.39,1.0,1.0,0.0,,,0.0,-0.11499999999999999,0.09499999999999999
btc-updown-5m-1777025100,18:05-18:10,2026-04-24 10:05:02+00:00,2026-04-24 10:05:00+00:00,122,51,77519.47,77466.68,77529.35,-52.79000000000815,-6.809902080084932,0.505,0.185,-0.32,1.0,1.0,0.0,,,1.0,0.8049999999999999,-0.825
btc-updown-5m-1777025400,18:10-18:15,2026-04-24 10:10:01+00:00,2026-04-24 10:10:00+00:00,123,50,77529.34,77506.66,77527.85,-22.679999999993015,-2.925344134232668,0.52,0.275,-0.245,1.0,1.0,0.0,,,0.0,-0.28500000000000003,0.265
btc-updown-5m-1777025700,18:15-18:20,2026-04-24 10:15:03+00:00,2026-04-24 10:15:00+00:00,121,51,,77565.45,77580.82,,,0.515,0.835,0.31999999999999995,1.0,1.0,0.0,,,,,
btc-updown-5m-1777026000,18:20-18:25,2026-04-24 10:20:01+00:00,2026-04-24 10:20:00+00:00,124,51,77580.82,77601.93,77670.0,21.10999999998603,2.7210333688128108,0.525,0.715,0.18999999999999995,1.0,1.0,0.0,,,1.0,0.275,-0.29500000000000004
btc-updown-5m-1777026300,18:25-18:30,2026-04-24 10:25:02+00:00,2026-04-24 10:25:00+00:00,122,51,77670.0,77707.87,77696.65,37.86999999999534,4.8757564053038935,0.495,0.785,0.29000000000000004,1.0,1.0,0.0,,,1.0,0.20499999999999996,-0.22499999999999998
btc-updown-5m-1777026600,18:30-18:35,2026-04-24 10:30:01+00:00,2026-04-24 10:30:00+00:00,123,50,77693.37,77695.37,77660.54,2.0,0.25742222277138965,0.465,0.475,0.009999999999999953,1.0,1.0,0.0,,,0.0,-0.485,0.46499999999999997
btc-updown-5m-1777026900,18:35-18:40,2026-04-24 10:35:03+00:00,2026-04-24 10:35:00+00:00,122,51,,77697.83,77661.59,,,0.515,0.805,0.29000000000000004,1.0,1.0,0.0,,,,,
btc-updown-5m-1777027200,18:40-18:45,2026-04-24 10:40:01+00:00,2026-04-24 10:40:00+00:00,123,51,77661.59,77663.94,77665.82,2.3500000000058208,0.3025948863531922,0.475,0.465,-0.009999999999999953,1.0,1.0,0.0,,,1.0,0.5249999999999999,-0.5449999999999999
btc-updown-5m-1777027500,18:45-18:50,2026-04-24 10:45:01+00:00,2026-04-24 10:45:00+00:00,119,50,77665.82,77698.01,77692.82,32.189999999987776,4.144680375484064,0.495,0.755,0.26,1.0,1.0,0.0,,,1.0,0.235,-0.255
btc-updown-5m-1777027800,18:50-18:55,2026-04-24 10:50:01+00:00,2026-04-24 10:50:00+00:00,123,51,77692.82,77692.82,77729.7,0.0,0.0,0.455,0.435,-0.020000000000000018,1.0,1.0,0.0,,,1.0,0.5549999999999999,-0.575
btc-updown-5m-1777028100,18:55-19:00,2026-04-24 10:55:03+00:00,2026-04-24 10:55:00+00:00,121,51,,77775.11,77762.44,,,0.585,0.785,0.20000000000000007,1.0,1.0,0.0,,,,,
btc-updown-5m-1777028400,19:00-19:05,2026-04-24 11:00:02+00:00,2026-04-24 11:00:00+00:00,124,51,77773.29,77953.96,78034.78,180.6700000000128,23.230340390642187,0.535,0.965,0.42999999999999994,1.0,1.0,0.0,,,1.0,0.02500000000000003,-0.04500000000000003
btc-updown-5m-1777028700,19:05-19:10,2026-04-24 11:05:06+00:00,2026-04-24 11:05:00+00:00,123,51,,78157.28,78142.72,,,0.465,0.945,0.4799999999999999,1.0,1.0,0.0,,,,,
btc-updown-5m-1777029000,19:10-19:15,2026-04-24 11:10:01+00:00,2026-04-24 11:10:00+00:00,125,51,78135.97,78168.96,78247.98,32.99000000000524,4.222127145795366,0.415,0.56,0.14500000000000007,1.0,1.0,0.0,,,1.0,0.42999999999999994,-0.44999999999999996
btc-updown-5m-1777029300,19:15-19:20,2026-04-24 11:15:00+00:00,2026-04-24 11:15:00+00:00,122,49,78237.84,78163.09,78137.63,-74.75,-9.554200371584901,0.385,0.095,-0.29000000000000004,1.0,1.0,0.0,,,0.0,-0.105,0.08499999999999998
btc-updown-5m-1777029600,19:20-19:25,2026-04-24 11:20:00+00:00,2026-04-24 11:20:00+00:00,124,49,78132.9,78188.8,78276.48,55.90000000000873,7.15447653933346,0.46,0.695,0.23499999999999993,1.0,1.0,0.0,,,1.0,0.29500000000000004,-0.31500000000000006
btc-updown-5m-1777029900,19:25-19:30,2026-04-24 11:25:01+00:00,2026-04-24 11:25:00+00:00,123,49,78273.92,78283.77,78350.8,9.85000000000582,1.2584012657096795,0.44,0.535,0.09500000000000003,1.0,1.0,0.0,,,1.0,0.45499999999999996,-0.475
btc-updown-5m-1777030200,19:30-19:35,2026-04-24 11:30:01+00:00,2026-04-24 11:30:00+00:00,123,49,78350.27,78374.98,78388.79,24.70999999999185,3.1537861962686087,0.445,0.615,0.16999999999999998,1.0,1.0,0.0,,,1.0,0.375,-0.395
btc-updown-5m-1777030500,19:35-19:40,2026-04-24 11:35:01+00:00,2026-04-24 11:35:00+00:00,123,49,78378.88,78316.56,78303.44,-62.320000000006985,-7.951121526616223,0.415,0.145,-0.27,1.0,1.0,0.0,,,0.0,-0.155,0.135
btc-updown-5m-1777030800,19:40-19:45,2026-04-24 11:40:02+00:00,2026-04-24 11:40:00+00:00,124,50,78304.74,78319.84,78318.91,15.099999999991269,1.9283634681618596,0.49,0.585,0.09499999999999997,1.0,1.0,0.0,,,1.0,0.405,-0.42500000000000004
btc-updown-5m-1777031100,19:45-19:50,2026-04-24 11:45:01+00:00,2026-04-24 11:45:00+00:00,122,49,78316.23,78225.8,78240.02,-90.42999999999302,-11.546776447231057,0.47,0.095,-0.375,1.0,1.0,0.0,,,0.0,-0.105,0.08499999999999998
btc-updown-5m-1777031400,19:50-19:55,2026-04-24 11:50:02+00:00,2026-04-24 11:50:00+00:00,123,49,78253.82,78265.5,78232.64,11.679999999993015,1.492578892633358,0.495,0.605,0.10999999999999999,1.0,1.0,0.0,,,0.0,-0.615,0.595
btc-updown-5m-1777031700,19:55-20:00,2026-04-24 11:55:02+00:00,2026-04-24 11:55:00+00:00,122,48,78232.64,78254.23,78256.09,21.589999999996508,2.7597176830535832,0.485,0.655,0.17000000000000004,1.0,1.0,0.0,,,1.0,0.33499999999999996,-0.355
btc-updown-5m-1777032000,20:00-20:05,2026-04-24 12:00:03+00:00,2026-04-24 12:00:00+00:00,122,49,,78282.01,78244.79,,,0.525,0.595,0.06999999999999995,1.0,1.0,0.0,,,,,
btc-updown-5m-1777032300,20:05-20:10,2026-04-24 12:05:02+00:00,2026-04-24 12:05:00+00:00,122,48,78253.24,78279.83,78241.12,26.589999999996508,3.3979423727370914,0.475,0.725,0.25,1.0,1.0,0.0,,,0.0,-0.735,0.715
btc-updown-5m-1777032600,20:10-20:15,2026-04-24 12:10:01+00:00,2026-04-24 12:10:00+00:00,122,48,78241.14,78300.17,78340.69,59.029999999998836,7.544624221988437,0.485,0.825,0.33999999999999997,1.0,1.0,0.0,,,1.0,0.16500000000000004,-0.18500000000000005
btc-updown-5m-1777032900,20:15-20:20,2026-04-24 12:15:00+00:00,2026-04-24 12:15:00+00:00,115,47,78336.24,78353.73,78298.86,17.489999999990687,2.2326831106510454,0.47,0.615,0.14500000000000002,1.0,1.0,0.0,,,0.0,-0.625,0.605
btc-updown-5m-1777033200,20:20-20:25,2026-04-24 12:20:02+00:00,2026-04-24 12:20:00+00:00,122,48,,78289.07,78358.04,,,0.495,0.475,-0.020000000000000018,1.0,1.0,0.0,,,,,
btc-updown-5m-1777033500,20:25-20:30,2026-04-24 12:25:02+00:00,2026-04-24 12:25:00+00:00,123,51,,78327.28,78296.89,,,0.4,0.255,-0.14500000000000002,1.0,1.0,0.0,,,,,
btc-updown-5m-1777033800,20:30-20:35,2026-04-24 12:30:03+00:00,2026-04-24 12:30:00+00:00,122,51,,78275.06,78228.52,,,0.505,0.355,-0.15000000000000002,1.0,1.0,0.0,,,,,
btc-updown-5m-1777034100,20:35-20:40,2026-04-24 12:35:02+00:00,2026-04-24 12:35:00+00:00,124,51,78234.32,78254.24,78229.01,19.919999999998254,2.5461971165593633,0.53,0.675,0.14500000000000002,1.0,1.0,0.0,,,0.0,-0.685,0.665
btc-updown-5m-1777034400,20:40-20:45,2026-04-24 12:40:02+00:00,2026-04-24 12:40:00+00:00,122,50,78237.84,78277.54,78216.77,39.69999999999709,5.074270966580506,0.595,0.795,0.20000000000000007,1.0,1.0,0.0,,,0.0,-0.805,0.785
btc-updown-5m-1777034700,20:45-20:50,2026-04-24 12:45:01+00:00,2026-04-24 12:45:00+00:00,117,50,78217.51,78275.28,78158.61,57.770000000004075,7.385814250543654,0.55,0.835,0.2849999999999999,1.0,1.0,0.0,,,0.0,-0.845,0.825
btc-updown-5m-1777035000,20:50-20:55,2026-04-24 12:50:01+00:00,2026-04-24 12:50:00+00:00,128,52,78164.12,78132.26,78064.01,-31.860000000000582,-4.076038980545112,0.485,0.485,0.0,1.0,1.0,0.0,,,0.0,-0.495,0.475
btc-updown-5m-1777035300,20:55-21:00,2026-04-24 12:55:02+00:00,2026-04-24 12:55:00+00:00,126,51,78060.12,78137.61,78290.64,77.49000000000524,9.926963986220525,0.555,0.875,0.31999999999999995,1.0,1.0,0.0,,,1.0,0.115,-0.135
btc-updown-5m-1777035600,21:00-21:05,2026-04-24 13:00:02+00:00,2026-04-24 13:00:00+00:00,126,52,78306.71,78352.64,78385.23,45.929999999993015,5.865397741776281,0.525,0.735,0.20999999999999996,1.0,1.0,0.0,,,1.0,0.255,-0.275
btc-updown-5m-1777035900,21:05-21:10,2026-04-24 13:05:02+00:00,2026-04-24 13:05:00+00:00,127,53,78405.11,78408.4,78407.21,3.289999999993597,0.4196155072027317,0.495,0.625,0.13,1.0,1.0,0.0,,,1.0,0.365,-0.385
btc-updown-5m-1777036200,21:10-21:15,2026-04-24 13:10:00+00:00,2026-04-24 13:10:00+00:00,129,52,78407.21,78434.64,78382.11,27.429999999993015,3.498402761683908,0.495,0.57,0.07499999999999996,1.0,1.0,0.0,,,0.0,-0.58,0.5599999999999999
btc-updown-5m-1777036500,21:15-21:20,2026-04-24 13:15:01+00:00,2026-04-24 13:15:00+00:00,126,51,78388.28,78350.47,78427.11,-37.80999999999767,-4.823425134471336,0.485,0.325,-0.15999999999999998,1.0,1.0,0.0,,,1.0,0.665,-0.685
btc-updown-5m-1777036800,21:20-21:25,2026-04-24 13:20:00+00:00,2026-04-24 13:20:00+00:00,128,52,78430.67,78381.07,78280.77,-49.59999999999127,-6.32405664773631,0.495,0.235,-0.26,1.0,1.0,0.0,,,0.0,-0.245,0.22499999999999998
btc-updown-5m-1777037100,21:25-21:30,2026-04-24 13:25:01+00:00,2026-04-24 13:25:00+00:00,123,52,78265.99,78198.48,78185.36,-67.51000000000931,-8.625713416518376,0.405,0.135,-0.27,1.0,1.0,0.0,,,0.0,-0.14500000000000002,0.125
btc-updown-5m-1777037400,21:30-21:35,2026-04-24 13:30:01+00:00,2026-04-24 13:30:00+00:00,128,52,78208.32,78155.83,78285.13,-52.49000000000524,-6.711562145818403,0.615,0.335,-0.27999999999999997,1.0,1.0,0.0,,,1.0,0.655,-0.675
btc-updown-5m-1777037700,21:35-21:40,2026-04-24 13:35:01+00:00,2026-04-24 13:35:00+00:00,127,52,78277.2,78183.74,78268.88,-93.45999999999185,-11.939619710463822,0.495,0.175,-0.32,1.0,1.0,0.0,,,0.0,-0.185,0.16500000000000004
btc-updown-5m-1777038000,21:40-21:45,2026-04-24 13:40:00+00:00,2026-04-24 13:40:00+00:00,129,53,78268.93,78181.52,78198.49,-87.40999999998894,-11.167905323349757,0.495,0.205,-0.29000000000000004,1.0,1.0,0.0,,,0.0,-0.215,0.19499999999999995
btc-updown-5m-1777038300,21:45-21:50,2026-04-24 13:45:02+00:00,2026-04-24 13:45:00+00:00,125,53,78208.33,78231.28,78110.34,22.94999999999709,2.9344700238449137,0.535,0.645,0.10999999999999999,1.0,1.0,0.0,,,0.0,-0.655,0.635
btc-updown-5m-1777038600,21:50-21:55,2026-04-24 13:50:00+00:00,2026-04-24 13:50:00+00:00,129,52,78127.01,78077.02,78005.61,-49.98999999999069,-6.398555377966044,0.535,0.365,-0.17000000000000004,1.0,1.0,0.0,,,0.0,-0.375,0.355
btc-updown-5m-1777038900,21:55-22:00,2026-04-24 13:55:02+00:00,2026-04-24 13:55:00+00:00,127,52,78018.08,77995.07,78107.84,-23.00999999999476,-2.949316363590947,0.545,0.38,-0.16500000000000004,1.0,1.0,0.0,,,1.0,0.61,-0.63
btc-updown-5m-1777039200,22:00-22:05,2026-04-24 14:00:02+00:00,2026-04-24 14:00:00+00:00,128,52,78073.85,77975.44,77916.78,-98.41000000000349,-12.60473257050901,0.445,0.135,-0.31,1.0,1.0,0.0,,,0.0,-0.14500000000000002,0.125
btc-updown-5m-1777039500,22:05-22:10,2026-04-24 14:05:01+00:00,2026-04-24 14:05:00+00:00,128,52,77918.86,77939.36,77988.58,20.5,2.6309419824674025,0.535,0.565,0.029999999999999916,1.0,1.0,0.0,,,1.0,0.42500000000000004,-0.44500000000000006
btc-updown-5m-1777039800,22:10-22:15,2026-04-24 14:10:02+00:00,2026-04-24 14:10:00+00:00,126,52,77986.49,78017.21,77903.29,30.720000000001164,3.9391438183717673,0.505,0.585,0.07999999999999996,1.0,1.0,0.0,,,0.0,-0.595,0.575
btc-updown-5m-1777040100,22:15-22:20,2026-04-24 14:15:01+00:00,2026-04-24 14:15:00+00:00,126,52,77907.7,77931.62,77984.88,23.919999999998254,3.070299854827989,0.53,0.615,0.08499999999999996,1.0,1.0,0.0,,,1.0,0.375,-0.395
btc-updown-5m-1777040400,22:20-22:25,2026-04-24 14:20:02+00:00,2026-04-24 14:20:00+00:00,126,52,77979.64,77938.86,77895.07,-40.779999999998836,-5.229570180113532,0.505,0.325,-0.18,1.0,1.0,0.0,,,0.0,-0.335,0.31499999999999995
btc-updown-5m-1777040700,22:25-22:30,2026-04-24 14:25:02+00:00,2026-04-24 14:25:00+00:00,123,49,77895.07,77790.56,77728.19,-104.51000000000931,-13.4167669404507,0.505,0.155,-0.35,1.0,1.0,0.0,,,0.0,-0.165,0.14500000000000002
btc-updown-5m-1777041000,22:30-22:35,2026-04-24 14:30:02+00:00,2026-04-24 14:30:00+00:00,125,48,,77795.04,77873.27,,,0.575,0.775,0.20000000000000007,1.0,1.0,0.0,,,,,
btc-updown-5m-1777041300,22:35-22:40,2026-04-24 14:35:02+00:00,2026-04-24 14:35:00+00:00,125,51,77877.0,77904.19,78008.0,27.19000000000233,3.491403110032786,0.515,0.625,0.10999999999999999,1.0,1.0,0.0,,,1.0,0.365,-0.385
btc-updown-5m-1777041600,22:40-22:45,2026-04-24 14:40:02+00:00,2026-04-24 14:40:00+00:00,124,48,78010.01,77942.64,78008.36,-67.36999999999534,-8.636071191375997,0.485,0.215,-0.27,1.0,1.0,0.0,,,0.0,-0.225,0.20499999999999996
btc-updown-5m-1777041900,22:45-22:50,2026-04-24 14:45:01+00:00,2026-04-24 14:45:00+00:00,126,52,78004.01,78064.01,77962.34,60.0,7.6919122491266805,0.515,0.805,0.29000000000000004,1.0,1.0,0.0,,,0.0,-0.8150000000000001,0.795
btc-updown-5m-1777042200,22:50-22:55,2026-04-24 14:50:01+00:00,2026-04-24 14:50:00+00:00,124,49,77952.48,77996.01,78054.64,43.529999999998836,5.58417127973335,0.455,0.685,0.23000000000000004,1.0,1.0,0.0,,,1.0,0.30499999999999994,-0.32499999999999996
btc-updown-5m-1777042500,22:55-23:00,2026-04-24 14:55:01+00:00,2026-04-24 14:55:00+00:00,122,48,78052.1,78086.01,78074.16,33.90999999998894,4.344533971538105,0.505,0.695,0.18999999999999995,1.0,1.0,0.0,,,1.0,0.29500000000000004,-0.31500000000000006
btc-updown-5m-1777042800,23:00-23:05,2026-04-24 15:00:01+00:00,2026-04-24 15:00:00+00:00,125,51,78076.38,77908.45,77882.95,-167.93000000000757,-21.508425467472694,0.545,0.045,-0.5,1.0,1.0,0.0,,,0.0,-0.055,0.03500000000000004
btc-updown-5m-1777043100,23:05-23:10,2026-04-24 15:05:03+00:00,2026-04-24 15:05:00+00:00,125,52,,77676.95,77669.0,,,0.455,0.035,-0.42000000000000004,1.0,1.0,0.0,,,,,
btc-updown-5m-1777043400,23:10-23:15,2026-04-24 15:10:02+00:00,2026-04-24 15:10:00+00:00,121,47,77673.68,77753.89,77742.61,80.2100000000064,10.326535320588185,0.575,0.885,0.31000000000000005,1.0,1.0,0.0,,,1.0,0.105,-0.12499999999999999
btc-updown-5m-1777043700,23:15-23:20,2026-04-24 15:15:02+00:00,2026-04-24 15:15:00+00:00,122,50,,77778.66,77721.77,,,0.575,0.715,0.14,1.0,1.0,0.0,,,,,
btc-updown-5m-1777044000,23:20-23:25,2026-04-24 15:20:01+00:00,2026-04-24 15:20:00+00:00,125,49,77713.05,77756.35,77834.76,43.30000000000291,5.5717797718662325,0.52,0.715,0.19499999999999995,1.0,1.0,0.0,,,1.0,0.275,-0.29500000000000004
btc-updown-5m-1777044300,23:25-23:30,2026-04-24 15:25:01+00:00,2026-04-24 15:25:00+00:00,128,52,77834.85,77847.53,77843.99,12.679999999993015,1.629090311087259,0.505,0.605,0.09999999999999998,1.0,1.0,0.0,,,1.0,0.385,-0.405
btc-updown-5m-1777044600,23:30-23:35,2026-04-24 15:30:06+00:00,2026-04-24 15:30:00+00:00,123,50,,77871.99,77853.99,,,0.545,0.655,0.10999999999999999,1.0,1.0,0.0,,,,,
btc-updown-5m-1777044900,23:35-23:40,2026-04-24 15:35:01+00:00,2026-04-24 15:35:00+00:00,127,51,77852.39,77801.59,77762.23,-50.80000000000291,-6.525168976829473,0.465,0.195,-0.27,1.0,1.0,0.0,,,0.0,-0.20500000000000002,0.18500000000000005
btc-updown-5m-1777045200,23:40-23:45,2026-04-24 15:40:01+00:00,2026-04-24 15:40:00+00:00,125,48,77760.33,77766.69,78000.33,6.360000000000582,0.8178977635512326,0.49,0.565,0.07499999999999996,1.0,1.0,0.0,,,1.0,0.42500000000000004,-0.44500000000000006
btc-updown-5m-1777045500,23:45-23:50,2026-04-24 15:45:02+00:00,2026-04-24 15:45:00+00:00,125,51,78021.36,78112.34,77975.47,90.97999999999593,11.66090926894839,0.525,0.725,0.19999999999999996,1.0,1.0,0.0,,,0.0,-0.735,0.715
btc-updown-5m-1777045800,23:50-23:55,2026-04-24 15:50:01+00:00,2026-04-24 15:50:00+00:00,126,52,77968.88,78054.17,78018.01,85.2899999999936,10.938979757050966,0.505,0.805,0.30000000000000004,1.0,1.0,0.0,,,1.0,0.18499999999999994,-0.20499999999999996
btc-updown-5m-1777046100,23:55-00:00,2026-04-24 15:55:01+00:00,2026-04-24 15:55:00+00:00,127,51,78018.53,77995.12,78070.77,-23.410000000003492,-3.000569223747678,0.52,0.41,-0.11000000000000004,1.0,1.0,0.0,,,1.0,0.5800000000000001,-0.6000000000000001
btc-updown-5m-1777046400,00:00-00:05,2026-04-24 16:00:01+00:00,2026-04-24 16:00:00+00:00,125,50,78073.84,77974.23,77996.94,-99.61000000000058,-12.758434835535256,0.545,0.095,-0.45000000000000007,1.0,1.0,0.0,,,0.0,-0.105,0.08499999999999998
btc-updown-5m-1777046700,00:05-00:10,2026-04-24 16:05:00+00:00,2026-04-24 16:05:00+00:00,127,51,77996.94,78040.0,77898.28,43.05999999999767,5.520729402973716,0.505,0.725,0.21999999999999997,1.0,1.0,0.0,,,0.0,-0.735,0.715
btc-updown-5m-1777047000,00:10-00:15,2026-04-24 16:10:02+00:00,2026-04-24 16:10:00+00:00,127,53,,77963.35,77805.34,,,0.535,0.825,0.2899999999999999,1.0,1.0,0.0,,,,,
btc-updown-5m-1777047300,00:15-00:20,2026-04-24 16:15:02+00:00,2026-04-24 16:15:00+00:00,125,52,,77789.4,77736.53,,,0.505,0.395,-0.10999999999999999,1.0,1.0,0.0,,,,,
btc-updown-5m-1777047600,00:20-00:25,2026-04-24 16:20:01+00:00,2026-04-24 16:20:00+00:00,129,52,77740.01,77697.81,77755.64,-42.19999999999709,-5.428350215030471,0.55,0.285,-0.26500000000000007,1.0,1.0,0.0,,,1.0,0.7050000000000001,-0.7250000000000001
btc-updown-5m-1777047900,00:25-00:30,2026-04-24 16:25:01+00:00,2026-04-24 16:25:00+00:00,127,51,77770.88,77748.72,77737.19,-22.160000000003492,-2.849395557823634,0.515,0.465,-0.04999999999999999,1.0,1.0,0.0,,,0.0,-0.47500000000000003,0.45500000000000007
btc-updown-5m-1777048200,00:30-00:35,2026-04-24 16:30:03+00:00,2026-04-24 16:30:00+00:00,126,52,,77791.77,77896.71,,,0.525,0.795,0.27,1.0,1.0,0.0,,,,,
btc-updown-5m-1777048500,00:35-00:40,2026-04-24 16:35:01+00:00,2026-04-24 16:35:00+00:00,126,50,77886.88,77854.08,77794.93,-32.80000000000291,-4.211235576518524,0.455,0.275,-0.18,1.0,1.0,0.0,,,0.0,-0.28500000000000003,0.265
btc-updown-5m-1777048800,00:40-00:45,2026-04-24 16:40:01+00:00,2026-04-24 16:40:00+00:00,127,52,77798.97,77606.47,77735.84,-192.5,-24.743258169099153,0.51,0.025,-0.485,1.0,1.0,0.0,,,0.0,-0.035,0.015000000000000022
btc-updown-5m-1777049100,00:45-00:50,2026-04-24 16:45:02+00:00,2026-04-24 16:45:00+00:00,126,52,77735.99,77756.18,77659.81,20.189999999987776,2.597252572455535,0.54,0.705,0.16499999999999992,1.0,1.0,0.0,,,0.0,-0.715,0.695
btc-updown-5m-1777049400,00:50-00:55,2026-04-24 16:50:02+00:00,2026-04-24 16:50:00+00:00,127,51,77660.6,77665.41,77754.12,4.809999999997672,0.6193616840454068,0.625,0.595,-0.030000000000000027,1.0,1.0,0.0,,,1.0,0.395,-0.41500000000000004
btc-updown-5m-1777049700,00:55-01:00,2026-04-24 16:55:01+00:00,2026-04-24 16:55:00+00:00,119,48,77747.08,77719.6,77802.86,-27.479999999995925,-3.534537888753626,0.525,0.285,-0.24000000000000005,1.0,1.0,0.0,,,1.0,0.7050000000000001,-0.7250000000000001
btc-updown-5m-1777050000,01:00-01:05,2026-04-24 17:00:01+00:00,2026-04-24 17:00:00+00:00,127,52,77802.87,77732.33,77697.34,-70.5399999999936,-9.06650358784883,0.505,0.15,-0.355,1.0,1.0,0.0,,,0.0,-0.16,0.14
btc-updown-5m-1777050300,01:05-01:10,2026-04-24 17:05:02+00:00,2026-04-24 17:05:00+00:00,126,50,,77710.47,77679.01,,,0.455,0.585,0.12999999999999995,1.0,1.0,0.0,,,,,
btc-updown-5m-1777050600,01:10-01:15,2026-04-24 17:10:02+00:00,2026-04-24 17:10:00+00:00,128,52,,77771.01,77775.37,,,0.555,0.915,0.36,1.0,1.0,0.0,,,,,
btc-updown-5m-1777050900,01:15-01:20,2026-04-24 17:15:02+00:00,2026-04-24 17:15:00+00:00,126,53,77775.38,77750.08,77654.01,-25.30000000000291,-3.252957426887906,0.495,0.325,-0.16999999999999998,1.0,1.0,0.0,,,0.0,-0.335,0.31499999999999995
btc-updown-5m-1777051200,01:20-01:25,2026-04-24 17:20:02+00:00,2026-04-24 17:20:00+00:00,128,51,77649.24,77632.28,77644.99,-16.960000000006403,-2.1841810686114123,0.495,0.335,-0.15999999999999998,1.0,1.0,0.0,,,0.0,-0.34500000000000003,0.32499999999999996
btc-updown-5m-1777051500,01:25-01:30,2026-04-24 17:25:02+00:00,2026-04-24 17:25:00+00:00,125,52,,77652.83,77698.07,,,0.525,0.585,0.05999999999999994,1.0,1.0,0.0,,,,,
btc-updown-5m-1777051800,01:30-01:35,2026-04-24 17:30:01+00:00,2026-04-24 17:30:00+00:00,126,52,77700.06,77706.48,77517.11,6.419999999998254,0.8262541882204794,0.515,0.525,0.010000000000000009,1.0,1.0,0.0,,,0.0,-0.535,0.515
btc-updown-5m-1777052100,01:35-01:40,2026-04-24 17:35:00+00:00,2026-04-24 17:35:00+00:00,129,52,77517.12,77608.78,77535.74,91.66000000000349,11.824484707378641,0.535,0.915,0.38,1.0,1.0,0.0,,,1.0,0.07499999999999997,-0.09499999999999996
btc-updown-5m-1777052400,01:40-01:45,2026-04-24 17:40:02+00:00,2026-04-24 17:40:00+00:00,129,52,77544.72,77585.13,77614.99,40.41000000000349,5.211186525659451,0.565,0.795,0.2300000000000001,1.0,1.0,0.0,,,1.0,0.19499999999999995,-0.21499999999999997
btc-updown-5m-1777052700,01:45-01:50,2026-04-24 17:45:04+00:00,2026-04-24 17:45:00+00:00,121,53,,77588.41,77627.45,,,0.435,0.245,-0.19,1.0,1.0,0.0,,,,,
btc-updown-5m-1777053000,01:50-01:55,2026-04-24 17:50:01+00:00,2026-04-24 17:50:00+00:00,118,47,77627.45,77680.25,77770.0,52.80000000000291,6.801717691358265,0.505,0.825,0.31999999999999995,1.0,1.0,0.0,,,1.0,0.16500000000000004,-0.18500000000000005
btc-updown-5m-1777053300,01:55-02:00,2026-04-24 17:55:03+00:00,2026-04-24 17:55:00+00:00,113,45,,77806.72,77701.53,,,0.465,0.665,0.2,1.0,1.0,0.0,,,,,
btc-updown-5m-1777053600,02:00-02:05,2026-04-24 18:00:00+00:00,2026-04-24 18:00:00+00:00,116,47,77707.12,77671.19,77688.12,-35.929999999993015,-4.623771927204742,0.535,0.335,-0.2,1.0,1.0,0.0,,,0.0,-0.34500000000000003,0.32499999999999996
btc-updown-5m-1777053900,02:05-02:10,2026-04-24 18:05:01+00:00,2026-04-24 18:05:00+00:00,119,47,77686.8,77656.73,77644.83,-30.070000000006985,-3.8706704356476243,0.425,0.335,-0.08999999999999997,1.0,1.0,0.0,,,0.0,-0.34500000000000003,0.32499999999999996
btc-updown-5m-1777054200,02:10-02:15,2026-04-24 18:10:02+00:00,2026-04-24 18:10:00+00:00,119,48,,77672.29,77550.74,,,0.555,0.725,0.16999999999999993,1.0,1.0,0.0,,,,,
btc-updown-5m-1777054500,02:15-02:20,2026-04-24 18:15:02+00:00,2026-04-24 18:15:00+00:00,117,47,77550.66,77434.56,77437.0,-116.10000000000582,-14.97085904878254,0.575,0.055,-0.5199999999999999,1.0,1.0,0.0,,,0.0,-0.065,0.04500000000000005
btc-updown-5m-1777054800,02:20-02:25,2026-04-24 18:20:00+00:00,2026-04-24 18:20:00+00:00,119,47,77440.23,77490.47,77538.37,50.24000000000524,6.487584037393128,0.565,0.815,0.25,1.0,1.0,0.0,,,1.0,0.17500000000000004,-0.19500000000000006
btc-updown-5m-1777055100,02:25-02:30,2026-04-24 18:25:01+00:00,2026-04-24 18:25:00+00:00,120,48,77516.25,77556.59,77518.76,40.33999999999651,5.204070114330415,0.535,0.685,0.15000000000000002,1.0,1.0,0.0,,,1.0,0.30499999999999994,-0.32499999999999996
btc-updown-5m-1777055400,02:30-02:35,2026-04-24 18:30:01+00:00,2026-04-24 18:30:00+00:00,120,49,77529.35,77546.62,77607.85,17.269999999989523,2.2275435044908183,0.585,0.645,0.06000000000000005,1.0,1.0,0.0,,,1.0,0.345,-0.365
btc-updown-5m-1777055700,02:35-02:40,2026-04-24 18:35:01+00:00,2026-04-24 18:35:00+00:00,119,47,77605.54,77605.28,77560.69,-0.2599999999947613,-0.033502762817546446,0.525,0.495,-0.030000000000000027,1.0,1.0,0.0,,,0.0,-0.505,0.485
btc-updown-5m-1777056000,02:40-02:45,2026-04-24 18:40:02+00:00,2026-04-24 18:40:00+00:00,118,47,,77547.96,77600.07,,,0.515,0.355,-0.16000000000000003,1.0,1.0,0.0,,,,,
btc-updown-5m-1777056300,02:45-02:50,2026-04-24 18:45:02+00:00,2026-04-24 18:45:00+00:00,118,47,77600.07,77631.05,77578.56,30.979999999995925,3.9922644399671188,0.54,0.745,0.20499999999999996,1.0,1.0,0.0,,,0.0,-0.755,0.735
btc-updown-5m-1777056600,02:50-02:55,2026-04-24 18:50:03+00:00,2026-04-24 18:50:00+00:00,119,49,,77608.07,77608.1,,,0.495,0.725,0.22999999999999998,1.0,1.0,0.0,,,,,
btc-updown-5m-1777056900,02:55-03:00,2026-04-24 18:55:02+00:00,2026-04-24 18:55:00+00:00,119,49,77601.52,77611.37,77637.61,9.849999999991269,1.269305034230163,0.505,0.535,0.030000000000000027,1.0,1.0,0.0,,,1.0,0.45499999999999996,-0.475
btc-updown-5m-1777057200,03:00-03:05,2026-04-24 19:00:03+00:00,2026-04-24 19:00:00+00:00,115,47,,77736.29,77665.01,,,0.665,0.945,0.2799999999999999,1.0,1.0,0.0,,,,,
btc-updown-5m-1777057500,03:05-03:10,2026-04-24 19:05:02+00:00,2026-04-24 19:05:00+00:00,116,48,77664.98,77605.92,77617.84,-59.05999999999767,-7.604456989494837,0.515,0.125,-0.39,1.0,1.0,0.0,,,0.0,-0.135,0.115
btc-updown-5m-1777057800,03:10-03:15,2026-04-24 19:10:01+00:00,2026-04-24 19:10:00+00:00,119,49,77629.18,77627.09,77628.0,-2.0899999999965075,-0.26922865860447165,0.505,0.565,0.05999999999999994,1.0,1.0,0.0,,,0.0,-0.575,0.5549999999999999
btc-updown-5m-1777058100,03:15-03:20,2026-04-24 19:15:00+00:00,2026-04-24 19:15:00+00:00,118,49,77625.67,77682.65,77663.14,56.979999999995925,7.340355323180583,0.505,0.835,0.32999999999999996,1.0,1.0,0.0,,,1.0,0.15500000000000003,-0.17500000000000004
btc-updown-5m-1777058400,03:20-03:25,2026-04-24 19:20:01+00:00,2026-04-24 19:20:00+00:00,120,50,77663.17,77621.21,77588.76,-41.95999999999185,-5.402818350061149,0.495,0.17,-0.32499999999999996,1.0,1.0,0.0,,,0.0,-0.18000000000000002,0.16000000000000003
btc-updown-5m-1777058700,03:25-03:30,2026-04-24 19:25:01+00:00,2026-04-24 19:25:00+00:00,121,50,77589.99,77584.39,77602.14,-5.600000000005821,-0.7217425856100536,0.525,0.365,-0.16000000000000003,1.0,1.0,0.0,,,1.0,0.625,-0.645
btc-updown-5m-1777059000,03:30-03:35,2026-04-24 19:30:02+00:00,2026-04-24 19:30:00+00:00,120,49,77609.4,77643.56,77650.07,34.16000000000349,4.40152868080458,0.595,0.825,0.22999999999999998,1.0,1.0,0.0,,,1.0,0.16500000000000004,-0.18500000000000005
btc-updown-5m-1777059300,03:35-03:40,2026-04-24 19:35:02+00:00,2026-04-24 19:35:00+00:00,119,50,,77615.0,77652.22,,,0.415,0.285,-0.13,1.0,1.0,0.0,,,,,
btc-updown-5m-1777059600,03:40-03:45,2026-04-24 19:40:01+00:00,2026-04-24 19:40:00+00:00,119,49,77652.22,77662.17,77637.06,9.94999999999709,1.2813542227121246,0.51,0.565,0.05499999999999994,1.0,1.0,0.0,,,0.0,-0.575,0.5549999999999999
btc-updown-5m-1777059900,03:45-03:50,2026-04-24 19:45:01+00:00,2026-04-24 19:45:00+00:00,118,49,77637.05,77601.97,77592.87,-35.080000000001746,-4.518461224376988,0.44,0.225,-0.215,1.0,1.0,0.0,,,0.0,-0.23500000000000001,0.21499999999999997
btc-updown-5m-1777060200,03:50-03:55,2026-04-24 19:50:02+00:00,2026-04-24 19:50:00+00:00,120,49,77630.72,77619.14,77629.37,-11.580000000001746,-1.4916775214762592,0.65,0.635,-0.015000000000000013,1.0,1.0,0.0,,,0.0,-0.645,0.625
btc-updown-5m-1777060500,03:55-04:00,2026-04-24 19:55:01+00:00,2026-04-24 19:55:00+00:00,119,50,77638.34,77648.52,77662.0,10.180000000007567,1.3112078388084505,0.565,0.645,0.08000000000000007,1.0,1.0,0.0,,,1.0,0.345,-0.365
btc-updown-5m-1777060800,04:00-04:05,2026-04-24 20:00:02+00:00,2026-04-24 20:00:00+00:00,119,49,,77635.15,77599.99,,,0.475,0.375,-0.09999999999999998,1.0,1.0,0.0,,,,,
btc-updown-5m-1777061100,04:05-04:10,2026-04-24 20:05:02+00:00,2026-04-24 20:05:00+00:00,120,49,77601.17,77619.5,77591.67,18.330000000001746,2.3620777882603763,0.525,0.675,0.15000000000000002,1.0,1.0,0.0,,,0.0,-0.685,0.665
btc-updown-5m-1777061400,04:10-04:15,2026-04-24 20:10:01+00:00,2026-04-24 20:10:00+00:00,121,49,77591.67,77607.43,77660.91,15.759999999994761,2.0311458691370814,0.52,0.665,0.14500000000000002,1.0,1.0,0.0,,,1.0,0.32499999999999996,-0.345
btc-updown-5m-1777061700,04:15-04:20,2026-04-24 20:15:01+00:00,2026-04-24 20:15:00+00:00,122,50,77659.74,77637.61,77589.45,-22.130000000004657,-2.849610364392754,0.455,0.355,-0.10000000000000003,1.0,1.0,0.0,,,0.0,-0.365,0.345
btc-updown-5m-1777062000,04:20-04:25,2026-04-24 20:20:02+00:00,2026-04-24 20:20:00+00:00,117,49,,77555.92,77537.87,,,0.565,0.265,-0.29999999999999993,1.0,1.0,0.0,,,,,
btc-updown-5m-1777062300,04:25-04:30,2026-04-24 20:25:01+00:00,2026-04-24 20:25:00+00:00,123,50,77535.92,77500.39,77564.51,-35.529999999998836,-4.582392264127238,0.505,0.195,-0.31,1.0,1.0,0.0,,,1.0,0.7949999999999999,-0.815
btc-updown-5m-1777062600,04:30-04:35,2026-04-24 20:30:02+00:00,2026-04-24 20:30:00+00:00,121,50,77564.52,77574.0,77592.0,9.479999999995925,1.2222082983296905,0.505,0.575,0.06999999999999995,1.0,1.0,0.0,,,1.0,0.41500000000000004,-0.43500000000000005
btc-updown-5m-1777062900,04:35-04:40,2026-04-24 20:35:02+00:00,2026-04-24 20:35:00+00:00,120,48,77594.45,77683.74,77683.52,89.29000000000815,11.507266305774209,0.505,0.945,0.43999999999999995,1.0,1.0,0.0,,,1.0,0.04500000000000005,-0.06500000000000004
btc-updown-5m-1777063200,04:40-04:45,2026-04-24 20:40:01+00:00,2026-04-24 20:40:00+00:00,122,49,77683.51,77660.76,77647.46,-22.75,-2.928549443762261,0.475,0.315,-0.15999999999999998,1.0,1.0,0.0,,,0.0,-0.325,0.30499999999999994
btc-updown-5m-1777063500,04:45-04:50,2026-04-24 20:45:01+00:00,2026-04-24 20:45:00+00:00,120,48,77647.45,77675.87,77667.34,28.419999999998254,3.6601330758445068,0.465,0.735,0.26999999999999996,1.0,1.0,0.0,,,1.0,0.255,-0.275
btc-updown-5m-1777063800,04:50-04:55,2026-04-24 20:50:03+00:00,2026-04-24 20:50:00+00:00,120,48,,77687.83,77689.69,,,0.495,0.655,0.16000000000000003,1.0,1.0,0.0,,,,,
btc-updown-5m-1777064100,04:55-05:00,2026-04-24 20:55:02+00:00,2026-04-24 20:55:00+00:00,120,48,77689.69,77735.81,77748.68,46.11999999999534,5.936437640566637,0.495,0.875,0.38,1.0,1.0,0.0,,,1.0,0.115,-0.135
btc-updown-5m-1777064400,05:00-05:05,2026-04-24 21:00:02+00:00,2026-04-24 21:00:00+00:00,119,48,77748.69,77717.88,77768.94,-30.80999999999767,-3.9627677328065167,0.48,0.255,-0.22499999999999998,1.0,1.0,0.0,,,1.0,0.735,-0.755
btc-updown-5m-1777064700,05:05-05:10,2026-04-24 21:05:01+00:00,2026-04-24 21:05:00+00:00,120,47,77768.94,77726.17,77735.44,-42.770000000004075,-5.499624914522954,0.415,0.135,-0.27999999999999997,1.0,1.0,0.0,,,0.0,-0.14500000000000002,0.125
btc-updown-5m-1777065000,05:10-05:15,2026-04-24 21:10:00+00:00,2026-04-24 21:10:00+00:00,122,49,77735.45,77726.16,77611.36,-9.289999999993597,-1.1950789504651478,0.475,0.475,0.0,1.0,1.0,0.0,,,0.0,-0.485,0.46499999999999997
btc-updown-5m-1777065300,05:15-05:20,2026-04-24 21:15:01+00:00,2026-04-24 21:15:00+00:00,120,48,77611.37,77601.53,77657.28,-9.839999999996508,-1.267855470145226,0.525,0.415,-0.11000000000000004,1.0,1.0,0.0,,,1.0,0.575,-0.595
btc-updown-5m-1777065600,05:20-05:25,2026-04-24 21:20:02+00:00,2026-04-24 21:20:00+00:00,120,47,,77604.81,77667.11,,,0.555,0.215,-0.3400000000000001,1.0,1.0,0.0,,,,,
btc-updown-5m-1777065900,05:25-05:30,2026-04-24 21:25:02+00:00,2026-04-24 21:25:00+00:00,120,47,77667.11,77658.06,77650.73,-9.05000000000291,-1.165229400193069,0.545,0.405,-0.14,1.0,1.0,0.0,,,0.0,-0.41500000000000004,0.395
btc-updown-5m-1777066200,05:30-05:35,2026-04-24 21:30:01+00:00,2026-04-24 21:30:00+00:00,121,50,77650.59,77632.42,77632.14,-18.169999999998254,-2.3399693421515866,0.455,0.315,-0.14,1.0,1.0,0.0,,,0.0,-0.325,0.30499999999999994
btc-updown-5m-1777066500,05:35-05:40,2026-04-24 21:35:01+00:00,2026-04-24 21:35:00+00:00,121,50,77632.15,77602.01,77615.17,-30.139999999999418,-3.8824121192056924,0.51,0.225,-0.28500000000000003,1.0,1.0,0.0,,,0.0,-0.23500000000000001,0.21499999999999997
btc-updown-5m-1777066800,05:40-05:45,2026-04-24 21:40:02+00:00,2026-04-24 21:40:00+00:00,121,49,,77628.43,77577.35,,,0.39,0.545,0.15500000000000003,1.0,1.0,0.0,,,,,
btc-updown-5m-1777067100,05:45-05:50,2026-04-24 21:45:02+00:00,2026-04-24 21:45:00+00:00,119,50,77577.34,77576.37,77610.51,-0.9700000000011642,-0.12503651195067583,0.525,0.645,0.12,1.0,1.0,0.0,,,1.0,0.345,-0.365
btc-updown-5m-1777067400,05:50-05:55,2026-04-24 21:50:01+00:00,2026-04-24 21:50:00+00:00,120,50,77611.36,77619.79,77598.29,8.429999999993015,1.0861811982154437,0.545,0.635,0.08999999999999997,1.0,1.0,0.0,,,0.0,-0.645,0.625
btc-updown-5m-1777067700,05:55-06:00,2026-04-24 21:55:02+00:00,2026-04-24 21:55:00+00:00,120,50,77598.78,77616.64,77565.44,17.860000000000582,2.3015825764271787,0.525,0.625,0.09999999999999998,1.0,1.0,0.0,,,0.0,-0.635,0.615
btc-updown-5m-1777068000,06:00-06:05,2026-04-24 22:00:01+00:00,2026-04-24 22:00:00+00:00,119,49,77565.45,77599.39,77591.68,33.94000000000233,4.375659523667088,0.525,0.765,0.24,1.0,1.0,0.0,,,1.0,0.22499999999999998,-0.245
btc-updown-5m-1777068300,06:05-06:10,2026-04-24 22:05:00+00:00,2026-04-24 22:05:00+00:00,121,50,77591.69,77603.76,77573.54,12.069999999992433,1.5555789543947856,0.515,0.695,0.17999999999999994,1.0,1.0,0.0,,,0.0,-0.705,0.6849999999999999
btc-updown-5m-1777068600,06:10-06:15,2026-04-24 22:10:02+00:00,2026-04-24 22:10:00+00:00,120,50,77573.53,77597.4,77635.03,23.869999999995343,3.0770805453864667,0.605,0.715,0.10999999999999999,1.0,1.0,0.0,,,1.0,0.275,-0.29500000000000004
btc-updown-5m-1777068900,06:15-06:20,2026-04-24 22:15:01+00:00,2026-04-24 22:15:00+00:00,120,50,77635.03,77614.24,77626.36,-20.789999999993597,-2.677914853641919,0.61,0.475,-0.135,1.0,1.0,0.0,,,0.0,-0.485,0.46499999999999997
btc-updown-5m-1777069200,06:20-06:25,2026-04-24 22:20:01+00:00,2026-04-24 22:20:00+00:00,121,50,77637.56,77611.36,77609.55,-26.19999999999709,-3.3746552570684973,0.515,0.385,-0.13,1.0,1.0,0.0,,,0.0,-0.395,0.375
btc-updown-5m-1777069500,06:25-06:30,2026-04-24 22:25:01+00:00,2026-04-24 22:25:00+00:00,121,50,77608.37,77594.95,77572.65,-13.419999999998254,-1.7291949309073564,0.505,0.325,-0.18,1.0,1.0,0.0,,,0.0,-0.335,0.31499999999999995
btc-updown-5m-1777069800,06:30-06:35,2026-04-24 22:30:01+00:00,2026-04-24 22:30:00+00:00,121,50,77572.65,77523.01,77494.35,-49.63999999999942,-6.399162591454517,0.525,0.135,-0.39,1.0,1.0,0.0,,,0.0,-0.14500000000000002,0.125
btc-updown-5m-1777070100,06:35-06:40,2026-04-24 22:35:02+00:00,2026-04-24 22:35:00+00:00,119,49,77494.36,77488.07,77339.12,-6.289999999993597,-0.8116719719981682,0.545,0.565,0.019999999999999907,1.0,1.0,0.0,,,0.0,-0.575,0.5549999999999999
btc-updown-5m-1777070400,06:40-06:45,2026-04-24 22:40:01+00:00,2026-04-24 22:40:00+00:00,120,50,77342.4,77354.15,77316.83,11.75,1.5192184364591739,0.62,0.645,0.025000000000000022,1.0,1.0,0.0,,,0.0,-0.655,0.635
btc-updown-5m-1777070700,06:45-06:50,2026-04-24 22:45:01+00:00,2026-04-24 22:45:00+00:00,114,49,77316.83,77410.98,77342.41,94.14999999999418,12.177167636075376,0.545,0.935,0.39,1.0,1.0,0.0,,,1.0,0.054999999999999945,-0.07499999999999994
btc-updown-5m-1777071000,06:50-06:55,2026-04-24 22:50:02+00:00,2026-04-24 22:50:00+00:00,120,50,77353.91,77352.91,77344.84,-1.0,-0.12927594739554857,0.515,0.485,-0.030000000000000027,1.0,1.0,0.0,,,0.0,-0.495,0.475
btc-updown-5m-1777071300,06:55-07:00,2026-04-24 22:55:01+00:00,2026-04-24 22:55:00+00:00,120,50,77344.84,77358.82,77360.78,13.980000000010477,1.8074896786922667,0.565,0.605,0.040000000000000036,1.0,1.0,0.0,,,1.0,0.385,-0.405
btc-updown-5m-1777071600,07:00-07:05,2026-04-24 23:00:01+00:00,2026-04-24 23:00:00+00:00,119,49,77361.95,77403.01,77387.99,41.05999999999767,5.307518747911302,0.625,0.785,0.16000000000000003,1.0,1.0,0.0,,,1.0,0.20499999999999996,-0.22499999999999998
btc-updown-5m-1777071900,07:05-07:10,2026-04-24 23:05:02+00:00,2026-04-24 23:05:00+00:00,121,50,77388.0,77404.48,77397.2,16.479999999995925,2.129529125962155,0.535,0.64,0.10499999999999998,1.0,1.0,0.0,,,1.0,0.35,-0.37
btc-updown-5m-1777072200,07:10-07:15,2026-04-24 23:10:03+00:00,2026-04-24 23:10:00+00:00,118,50,,77421.11,77410.32,,,0.495,0.765,0.27,1.0,1.0,0.0,,,,,
btc-updown-5m-1777072500,07:15-07:20,2026-04-24 23:15:02+00:00,2026-04-24 23:15:00+00:00,121,49,77406.06,77397.98,77416.09,-8.080000000001746,-1.0438459211076945,0.435,0.295,-0.14,1.0,1.0,0.0,,,1.0,0.6950000000000001,-0.7150000000000001
btc-updown-5m-1777072800,07:20-07:25,2026-04-24 23:20:05+00:00,2026-04-24 23:20:00+00:00,119,50,,77370.12,77397.58,,,0.375,0.125,-0.25,1.0,1.0,0.0,,,,,
btc-updown-5m-1777073100,07:25-07:30,2026-04-24 23:25:00+00:00,2026-04-24 23:25:00+00:00,122,48,77397.59,77420.08,77432.1,22.49000000000524,2.9057752315033634,0.475,0.795,0.32000000000000006,1.0,1.0,0.0,,,1.0,0.19499999999999995,-0.21499999999999997
btc-updown-5m-1777073400,07:30-07:35,2026-04-24 23:30:07+00:00,2026-04-24 23:30:00+00:00,121,50,,77434.32,77466.02,,,0.535,0.565,0.029999999999999916,1.0,1.0,0.0,,,,,
btc-updown-5m-1777073700,07:35-07:40,2026-04-24 23:35:03+00:00,2026-04-24 23:35:00+00:00,122,50,,77463.78,77443.1,,,0.445,0.455,0.010000000000000009,1.0,1.0,0.0,,,,,
btc-updown-5m-1777074000,07:40-07:45,2026-04-24 23:40:00+00:00,2026-04-24 23:40:00+00:00,120,47,77443.1,77453.36,77463.76,10.259999999994761,1.3248436594086188,0.545,0.605,0.05999999999999994,1.0,1.0,0.0,,,1.0,0.385,-0.405
btc-updown-5m-1777074300,07:45-07:50,2026-04-24 23:45:00+00:00,2026-04-24 23:45:00+00:00,121,47,77463.76,77460.47,77447.38,-3.289999999993597,-0.42471473111989366,0.465,0.535,0.07,1.0,1.0,0.0,,,0.0,-0.545,0.525
btc-updown-5m-1777074600,07:50-07:55,2026-04-24 23:50:03+00:00,2026-04-24 23:50:00+00:00,120,48,,77453.92,77467.93,,,0.525,0.595,0.06999999999999995,1.0,1.0,0.0,,,,,
btc-updown-5m-1777074900,07:55-08:00,2026-04-24 23:55:01+00:00,2026-04-24 23:55:00+00:00,122,48,77467.94,77458.57,77461.79,-9.369999999995343,-1.2095326143944636,0.505,0.355,-0.15000000000000002,1.0,1.0,0.0,,,0.0,-0.365,0.345
btc-updown-5m-1777075200,08:00-08:05,2026-04-25 00:00:03+00:00,2026-04-25 00:00:00+00:00,120,49,,77502.81,77445.58,,,0.395,0.745,0.35,1.0,1.0,0.0,,,,,
btc-updown-5m-1777075500,08:05-08:10,2026-04-25 00:05:01+00:00,2026-04-25 00:05:00+00:00,123,50,77445.58,77480.16,77484.0,34.580000000001746,4.465070827799565,0.355,0.655,0.30000000000000004,1.0,1.0,0.0,,,1.0,0.33499999999999996,-0.355
btc-updown-5m-1777075800,08:10-08:15,2026-04-25 00:10:01+00:00,2026-04-25 00:10:00+00:00,123,50,77483.44,77445.93,77450.63,-37.51000000000931,-4.84103441974302,0.375,0.195,-0.18,1.0,1.0,0.0,,,0.0,-0.20500000000000002,0.18500000000000005
btc-updown-5m-1777076100,08:15-08:20,2026-04-25 00:15:00+00:00,2026-04-25 00:15:00+00:00,122,48,77450.64,77438.13,77388.31,-12.509999999994761,-1.6152222886724708,0.505,0.425,-0.08000000000000002,1.0,1.0,0.0,,,0.0,-0.435,0.41500000000000004
btc-updown-5m-1777076400,08:20-08:25,2026-04-25 00:20:02+00:00,2026-04-25 00:20:00+00:00,122,49,77402.19,77392.68,77390.01,-9.510000000009313,-1.228647406489314,0.615,0.515,-0.09999999999999998,1.0,1.0,0.0,,,0.0,-0.525,0.505
btc-updown-5m-1777076700,08:25-08:30,2026-04-25 00:25:02+00:00,2026-04-25 00:25:00+00:00,124,50,77390.01,77364.02,77341.81,-25.989999999990687,-3.358314593833324,0.525,0.315,-0.21000000000000002,1.0,1.0,0.0,,,0.0,-0.325,0.30499999999999994
btc-updown-5m-1777077000,08:30-08:35,2026-04-25 00:30:03+00:00,2026-04-25 00:30:00+00:00,120,48,,77362.06,77371.93,,,0.555,0.705,0.1499999999999999,1.0,1.0,0.0,,,,,
btc-updown-5m-1777077300,08:35-08:40,2026-04-25 00:35:00+00:00,2026-04-25 00:35:00+00:00,122,48,77371.93,77372.0,77418.55,0.07000000000698492,0.009047208723756138,0.455,0.465,0.010000000000000009,1.0,1.0,0.0,,,1.0,0.5249999999999999,-0.5449999999999999
btc-updown-5m-1777077600,08:40-08:45,2026-04-25 00:40:01+00:00,2026-04-25 00:40:00+00:00,122,49,77418.55,77440.8,77392.26,22.25,2.873988210835775,0.515,0.835,0.31999999999999995,1.0,1.0,0.0,,,0.0,-0.845,0.825
btc-updown-5m-1777077900,08:45-08:50,2026-04-25 00:45:02+00:00,2026-04-25 00:45:00+00:00,121,50,77392.26,77417.64,77436.01,25.380000000004657,3.279397707213184,0.735,0.875,0.14,1.0,1.0,0.0,,,1.0,0.115,-0.135
btc-updown-5m-1777078200,08:50-08:55,2026-04-25 00:50:02+00:00,2026-04-25 00:50:00+00:00,120,49,,77436.11,77440.22,,,0.625,0.665,0.040000000000000036,1.0,1.0,0.0,,,,,
btc-updown-5m-1777078500,08:55-09:00,2026-04-25 00:55:02+00:00,2026-04-25 00:55:00+00:00,121,50,77440.23,77461.98,77483.43,21.75,2.8086176913472496,0.615,0.855,0.24,1.0,1.0,0.0,,,1.0,0.135,-0.15500000000000003
btc-updown-5m-1777078800,09:00-09:05,2026-04-25 01:00:02+00:00,2026-04-25 01:00:00+00:00,116,49,77498.01,77497.95,77477.44,-0.059999999997671694,-0.007742134281599191,0.545,0.745,0.19999999999999996,1.0,1.0,0.0,,,0.0,-0.755,0.735
btc-updown-5m-1777079100,09:05-09:10,2026-04-25 01:05:02+00:00,2026-04-25 01:05:00+00:00,115,45,77477.35,77474.18,77476.88,-3.1700000000128057,-0.40915183598984806,0.485,0.365,-0.12,1.0,1.0,0.0,,,0.0,-0.375,0.355
btc-updown-5m-1777079400,09:10-09:15,2026-04-25 01:10:01+00:00,2026-04-25 01:10:00+00:00,114,50,77476.88,77489.99,77532.01,13.110000000000582,1.6921177001449441,0.495,0.755,0.26,1.0,1.0,0.0,,,1.0,0.235,-0.255
btc-updown-5m-1777079700,09:15-09:20,2026-04-25 01:15:03+00:00,2026-04-25 01:15:00+00:00,112,43,,77543.39,77544.65,,,0.455,0.575,0.11999999999999994,1.0,1.0,0.0,,,,,
btc-updown-5m-1777080000,09:20-09:25,2026-04-25 01:20:02+00:00,2026-04-25 01:20:00+00:00,118,48,77544.64,77526.04,77515.12,-18.60000000000582,-2.3986183958047675,0.425,0.315,-0.10999999999999999,1.0,1.0,0.0,,,0.0,-0.325,0.30499999999999994
btc-updown-5m-1777080300,09:25-09:30,2026-04-25 01:25:01+00:00,2026-04-25 01:25:00+00:00,122,50,77515.12,77518.42,77509.68,3.3000000000029104,0.4257233943523419,0.485,0.585,0.09999999999999998,1.0,1.0,0.0,,,0.0,-0.595,0.575
btc-updown-5m-1777080600,09:30-09:35,2026-04-25 01:30:02+00:00,2026-04-25 01:30:00+00:00,121,50,77509.67,77529.99,77568.36,20.320000000006985,2.6216083748011036,0.475,0.585,0.10999999999999999,1.0,1.0,0.0,,,1.0,0.405,-0.42500000000000004
btc-updown-5m-1777080900,09:35-09:40,2026-04-25 01:35:00+00:00,2026-04-25 01:35:00+00:00,119,48,77568.36,77555.89,77568.06,-12.470000000001164,-1.607614238589183,0.465,0.235,-0.23000000000000004,1.0,1.0,0.0,,,0.0,-0.245,0.22499999999999998
btc-updown-5m-1777081200,09:40-09:45,2026-04-25 01:40:01+00:00,2026-04-25 01:40:00+00:00,121,50,77568.06,77574.0,77582.75,5.940000000002328,0.7657791106290822,0.475,0.465,-0.009999999999999953,1.0,1.0,0.0,,,1.0,0.5249999999999999,-0.5449999999999999
btc-updown-5m-1777081500,09:45-09:50,2026-04-25 01:45:02+00:00,2026-04-25 01:45:00+00:00,120,50,77582.75,77601.53,77611.83,18.779999999998836,2.4206411863460415,0.635,0.585,-0.050000000000000044,1.0,1.0,0.0,,,1.0,0.405,-0.42500000000000004
btc-updown-5m-1777081800,09:50-09:55,2026-04-25 01:50:01+00:00,2026-04-25 01:50:00+00:00,121,49,77611.82,77592.34,77583.0,-19.480000000010477,-2.5099269673112263,0.415,0.175,-0.24,1.0,1.0,0.0,,,0.0,-0.185,0.16500000000000004
btc-updown-5m-1777082100,09:55-10:00,2026-04-25 01:55:02+00:00,2026-04-25 01:55:00+00:00,121,50,,77576.1,77559.96,,,0.485,0.395,-0.08999999999999997,1.0,1.0,0.0,,,,,
btc-updown-5m-1777082400,10:00-10:05,2026-04-25 02:00:02+00:00,2026-04-25 02:00:00+00:00,122,50,,77576.09,77526.08,,,0.505,0.705,0.19999999999999996,1.0,1.0,0.0,,,,,
btc-updown-5m-1777082700,10:05-10:10,2026-04-25 02:05:01+00:00,2026-04-25 02:05:00+00:00,122,50,77532.63,77553.25,77586.03,20.619999999995343,2.6595254152987384,0.565,0.595,0.030000000000000027,1.0,1.0,0.0,,,1.0,0.395,-0.41500000000000004
btc-updown-5m-1777083000,10:10-10:15,2026-04-25 02:10:00+00:00,2026-04-25 02:10:00+00:00,123,50,77586.02,77607.88,77563.93,21.860000000000582,2.8175178981987448,0.475,0.565,0.08999999999999997,1.0,1.0,0.0,,,0.0,-0.575,0.5549999999999999
btc-updown-5m-1777083300,10:15-10:20,2026-04-25 02:15:00+00:00,2026-04-25 02:15:00+00:00,121,50,77566.97,77578.56,77593.21,11.589999999996508,1.4941926956791671,0.645,0.765,0.12,1.0,1.0,0.0,,,1.0,0.22499999999999998,-0.245
btc-updown-5m-1777083600,10:20-10:25,2026-04-25 02:20:01+00:00,2026-04-25 02:20:00+00:00,121,50,77593.21,77585.97,77614.29,-7.240000000005239,-0.9330713344640901,0.655,0.625,-0.030000000000000027,1.0,1.0,0.0,,,1.0,0.365,-0.385
btc-updown-5m-1777083900,10:25-10:30,2026-04-25 02:25:01+00:00,2026-04-25 02:25:00+00:00,123,50,77614.29,77624.48,77658.49,10.190000000002328,1.312902559567617,0.615,0.725,0.10999999999999999,1.0,1.0,0.0,,,1.0,0.265,-0.28500000000000003
btc-updown-5m-1777084200,10:30-10:35,2026-04-25 02:30:01+00:00,2026-04-25 02:30:00+00:00,121,50,77658.49,77662.39,77650.73,3.8999999999941792,0.5021987937177479,0.395,0.585,0.18999999999999995,1.0,1.0,0.0,,,0.0,-0.595,0.575
btc-updown-5m-1777084500,10:35-10:40,2026-04-25 02:35:00+00:00,2026-04-25 02:35:00+00:00,125,50,77650.72,77647.45,77653.83,-3.2700000000040745,-0.42111650735551126,0.465,0.385,-0.08000000000000002,1.0,1.0,0.0,,,1.0,0.605,-0.625
btc-updown-5m-1777084800,10:40-10:45,2026-04-25 02:40:07+00:00,2026-04-25 02:40:00+00:00,121,50,,77640.89,77650.71,,,0.475,0.275,-0.19999999999999996,1.0,1.0,0.0,,,,,
btc-updown-5m-1777085100,10:45-10:50,2026-04-25 02:45:01+00:00,2026-04-25 02:45:00+00:00,122,48,77650.71,77640.89,77650.68,-9.820000000006985,-1.264637502993467,0.48,0.31,-0.16999999999999998,1.0,1.0,0.0,,,0.0,-0.32,0.30000000000000004
btc-updown-5m-1777085400,10:50-10:55,2026-04-25 02:50:00+00:00,2026-04-25 02:50:00+00:00,123,49,77650.68,77651.19,77656.19,0.5100000000093132,0.06567875516470857,0.485,0.575,0.08999999999999997,1.0,1.0,0.0,,,1.0,0.41500000000000004,-0.43500000000000005
btc-updown-5m-1777085700,10:55-11:00,2026-04-25 02:55:02+00:00,2026-04-25 02:55:00+00:00,123,50,77656.19,77656.19,77639.19,0.0,0.0,0.495,0.565,0.06999999999999995,1.0,1.0,0.0,,,0.0,-0.575,0.5549999999999999
btc-updown-5m-1777086000,11:00-11:05,2026-04-25 03:00:02+00:00,2026-04-25 03:00:00+00:00,121,48,,77633.78,77670.64,,,0.585,0.415,-0.16999999999999998,1.0,1.0,0.0,,,,,
btc-updown-5m-1777086300,11:05-11:10,2026-04-25 03:05:00+00:00,2026-04-25 03:05:00+00:00,121,48,77670.64,77675.92,77625.01,5.279999999998836,0.6797935487590725,0.56,0.585,0.02499999999999991,1.0,1.0,0.0,,,0.0,-0.595,0.575
btc-updown-5m-1777086600,11:10-11:15,2026-04-25 03:10:00+00:00,2026-04-25 03:10:00+00:00,121,48,77625.02,77620.01,77606.78,-5.010000000009313,-0.6454104617311935,0.495,0.465,-0.02999999999999997,1.0,1.0,0.0,,,0.0,-0.47500000000000003,0.45500000000000007
btc-updown-5m-1777086900,11:15-11:20,2026-04-25 03:15:02+00:00,2026-04-25 03:15:00+00:00,120,48,77606.78,77604.79,77623.53,-1.9900000000052387,-0.25642089518534833,0.495,0.425,-0.07,1.0,1.0,0.0,,,1.0,0.565,-0.585
btc-updown-5m-1777087200,11:20-11:25,2026-04-25 03:20:01+00:00,2026-04-25 03:20:00+00:00,123,49,77623.54,77627.76,77604.41,4.220000000001164,0.5436495166287397,0.525,0.615,0.08999999999999997,1.0,1.0,0.0,,,0.0,-0.625,0.605
btc-updown-5m-1777087500,11:25-11:30,2026-04-25 03:25:02+00:00,2026-04-25 03:25:00+00:00,123,49,,77602.15,77581.85,,,0.515,0.375,-0.14,1.0,1.0,0.0,,,,,
btc-updown-5m-1777087800,11:30-11:35,2026-04-25 03:30:02+00:00,2026-04-25 03:30:00+00:00,120,47,77581.85,77589.44,77614.64,7.5899999999965075,0.9783216048594493,0.525,0.685,0.16000000000000003,1.0,1.0,0.0,,,1.0,0.30499999999999994,-0.32499999999999996
btc-updown-5m-1777088100,11:35-11:40,2026-04-25 03:35:01+00:00,2026-04-25 03:35:00+00:00,122,48,77614.64,77622.9,77647.9,8.259999999994761,1.0642322118603864,0.505,0.725,0.21999999999999997,1.0,1.0,0.0,,,1.0,0.265,-0.28500000000000003
btc-updown-5m-1777088400,11:40-11:45,2026-04-25 03:40:03+00:00,2026-04-25 03:40:00+00:00,119,48,,77690.07,77700.0,,,0.595,0.925,0.33000000000000007,1.0,1.0,0.0,,,,,
btc-updown-5m-1777088700,11:45-11:50,2026-04-25 03:45:02+00:00,2026-04-25 03:45:00+00:00,121,48,,77726.28,77719.61,,,0.465,0.815,0.3499999999999999,1.0,1.0,0.0,,,,,
btc-updown-5m-1777089000,11:50-11:55,2026-04-25 03:50:01+00:00,2026-04-25 03:50:00+00:00,11,11,77713.05,77713.05,77713.05,0.0,0.0,0.415,0.375,-0.03999999999999998,1.0,1.0,0.0,,,0.0,-0.385,0.365
