fold_id,train_runs,validation_run,test_run,selected_strategy,selected_family,validation_score,validation_return,validation_drawdown
1,"24949259015_attempt1,24952032748_attempt1,24986940107_attempt1",25044896828_attempt1,25100490855_attempt1,game_pm_squeeze_fade_down,game_theory,0.8380952380952381,0.09188422378220618,0.10460002915431568
2,"24949259015_attempt1,24952032748_attempt1,24986940107_attempt1,25044896828_attempt1",25100490855_attempt1,25157440693_attempt1,micro_book_consensus_up,microstructure,0.8666666666666667,0.02872432342118114,0.040606060606060604
3,"24949259015_attempt1,24952032748_attempt1,24986940107_attempt1,25044896828_attempt1,25100490855_attempt1",25157440693_attempt1,25208977834_attempt1,v1_balanced_mix,previous_v1,0.8595238095238096,0.5847131506277174,0.08103896103896101
4,"24949259015_attempt1,24952032748_attempt1,24986940107_attempt1,25044896828_attempt1,25100490855_attempt1,25157440693_attempt1",25208977834_attempt1,25247789591_attempt1,micro_book_consensus_up,microstructure,0.8571428571428572,0.04554400899915145,0.040588235294117654
5,"24949259015_attempt1,24952032748_attempt1,24986940107_attempt1,25044896828_attempt1,25100490855_attempt1,25157440693_attempt1,25208977834_attempt1",25247789591_attempt1,25274678535_attempt1,classic_early_drop_down,classic_quant,0.8571428571428572,0.18888975092029714,0.040754716981132096
6,"24949259015_attempt1,24952032748_attempt1,24986940107_attempt1,25044896828_attempt1,25100490855_attempt1,25157440693_attempt1,25208977834_attempt1,25247789591_attempt1",25274678535_attempt1,25311264469_attempt1,classic_breakout_up,classic_quant,0.8428571428571429,0.021023694923406833,0.018381655605040827
7,"24949259015_attempt1,24952032748_attempt1,24986940107_attempt1,25044896828_attempt1,25100490855_attempt1,25157440693_attempt1,25208977834_attempt1,25247789591_attempt1,25274678535_attempt1",25311264469_attempt1,25367630341_attempt1,classic_early_drop_down,classic_quant,0.9047619047619049,0.1429272935644088,0.06117306818181817
8,"24949259015_attempt1,24952032748_attempt1,24986940107_attempt1,25044896828_attempt1,25100490855_attempt1,25157440693_attempt1,25208977834_attempt1,25247789591_attempt1,25274678535_attempt1,25311264469_attempt1",25367630341_attempt1,25427145257_attempt1,classic_early_drop_down,classic_quant,0.9166666666666667,0.20846438501520037,0.04065573770491805
9,"24949259015_attempt1,24952032748_attempt1,24986940107_attempt1,25044896828_attempt1,25100490855_attempt1,25157440693_attempt1,25208977834_attempt1,25247789591_attempt1,25274678535_attempt1,25311264469_attempt1,25367630341_attempt1",25427145257_attempt1,25487949887_attempt1,timeseries_momentum_up,time_series,0.8785714285714286,0.0052665563025209305,0.04058823529411769
10,"24949259015_attempt1,24952032748_attempt1,24986940107_attempt1,25044896828_attempt1,25100490855_attempt1,25157440693_attempt1,25208977834_attempt1,25247789591_attempt1,25274678535_attempt1,25311264469_attempt1,25367630341_attempt1,25427145257_attempt1",25487949887_attempt1,25545252940_attempt1,game_pm_squeeze_fade_down,game_theory,0.8809523809523809,1.3682482137946277,0.10527134655172413
11,"24949259015_attempt1,24952032748_attempt1,24986940107_attempt1,25044896828_attempt1,25100490855_attempt1,25157440693_attempt1,25208977834_attempt1,25247789591_attempt1,25274678535_attempt1,25311264469_attempt1,25367630341_attempt1,25427145257_attempt1,25487949887_attempt1",25545252940_attempt1,25596809734_attempt1,timeseries_momentum_up,time_series,0.8357142857142857,0.04039264642140461,0.040579710144927575
12,"24949259015_attempt1,24952032748_attempt1,24986940107_attempt1,25044896828_attempt1,25100490855_attempt1,25157440693_attempt1,25208977834_attempt1,25247789591_attempt1,25274678535_attempt1,25311264469_attempt1,25367630341_attempt1,25427145257_attempt1,25487949887_attempt1,25545252940_attempt1",25596809734_attempt1,25624592440_attempt1,game_pm_squeeze_fade_down,game_theory,0.8833333333333334,0.5187301005379013,0.03705882352941174
13,"24949259015_attempt1,24952032748_attempt1,24986940107_attempt1,25044896828_attempt1,25100490855_attempt1,25157440693_attempt1,25208977834_attempt1,25247789591_attempt1,25274678535_attempt1,25311264469_attempt1,25367630341_attempt1,25427145257_attempt1,25487949887_attempt1,25545252940_attempt1,25596809734_attempt1",25624592440_attempt1,25665168591_attempt1,game_pm_squeeze_fade_down,game_theory,0.9023809523809523,0.20051132991671583,0.104544131850329
14,"24949259015_attempt1,24952032748_attempt1,24986940107_attempt1,25044896828_attempt1,25100490855_attempt1,25157440693_attempt1,25208977834_attempt1,25247789591_attempt1,25274678535_attempt1,25311264469_attempt1,25367630341_attempt1,25427145257_attempt1,25487949887_attempt1,25545252940_attempt1,25596809734_attempt1,25624592440_attempt1",25665168591_attempt1,25791429807_attempt1,classic_sharpdrop_reversal_up,classic_quant,0.8690476190476191,1.1555382370080527,0.11940109041835363
15,"24949259015_attempt1,24952032748_attempt1,24986940107_attempt1,25044896828_attempt1,25100490855_attempt1,25157440693_attempt1,25208977834_attempt1,25247789591_attempt1,25274678535_attempt1,25311264469_attempt1,25367630341_attempt1,25427145257_attempt1,25487949887_attempt1,25545252940_attempt1,25596809734_attempt1,25624592440_attempt1,25665168591_attempt1",25791429807_attempt1,25852951350_attempt1,classic_early_drop_down,classic_quant,0.7642857142857143,0.19492536169889885,0.07936766011414081
16,"24949259015_attempt1,24952032748_attempt1,24986940107_attempt1,25044896828_attempt1,25100490855_attempt1,25157440693_attempt1,25208977834_attempt1,25247789591_attempt1,25274678535_attempt1,25311264469_attempt1,25367630341_attempt1,25427145257_attempt1,25487949887_attempt1,25545252940_attempt1,25596809734_attempt1,25624592440_attempt1,25665168591_attempt1,25791429807_attempt1",25852951350_attempt1,25911485679_attempt1,v1_active_fill_mix,previous_v1,0.7821428571428573,0.13850327560762676,0.060952380952380904
17,"24949259015_attempt1,24952032748_attempt1,24986940107_attempt1,25044896828_attempt1,25100490855_attempt1,25157440693_attempt1,25208977834_attempt1,25247789591_attempt1,25274678535_attempt1,25311264469_attempt1,25367630341_attempt1,25427145257_attempt1,25487949887_attempt1,25545252940_attempt1,25596809734_attempt1,25624592440_attempt1,25665168591_attempt1,25791429807_attempt1,25852951350_attempt1",25911485679_attempt1,25957739510_attempt1,v1_active_fill_mix,previous_v1,0.7654761904761905,0.1414316304870098,0.14221329542164454
18,"24949259015_attempt1,24952032748_attempt1,24986940107_attempt1,25044896828_attempt1,25100490855_attempt1,25157440693_attempt1,25208977834_attempt1,25247789591_attempt1,25274678535_attempt1,25311264469_attempt1,25367630341_attempt1,25427145257_attempt1,25487949887_attempt1,25545252940_attempt1,25596809734_attempt1,25624592440_attempt1,25665168591_attempt1,25791429807_attempt1,25852951350_attempt1,25911485679_attempt1",25957739510_attempt1,25986690554_attempt1,classic_sharpdrop_reversal_up,classic_quant,0.8452380952380953,0.605032626645172,0.14401897469175393
19,"24949259015_attempt1,24952032748_attempt1,24986940107_attempt1,25044896828_attempt1,25100490855_attempt1,25157440693_attempt1,25208977834_attempt1,25247789591_attempt1,25274678535_attempt1,25311264469_attempt1,25367630341_attempt1,25427145257_attempt1,25487949887_attempt1,25545252940_attempt1,25596809734_attempt1,25624592440_attempt1,25665168591_attempt1,25791429807_attempt1,25852951350_attempt1,25911485679_attempt1,25957739510_attempt1",25986690554_attempt1,26029755017_attempt1,classic_breakout_up,classic_quant,0.7976190476190477,0.08707735416847817,0.050909090909090876
20,"24949259015_attempt1,24952032748_attempt1,24986940107_attempt1,25044896828_attempt1,25100490855_attempt1,25157440693_attempt1,25208977834_attempt1,25247789591_attempt1,25274678535_attempt1,25311264469_attempt1,25367630341_attempt1,25427145257_attempt1,25487949887_attempt1,25545252940_attempt1,25596809734_attempt1,25624592440_attempt1,25665168591_attempt1,25791429807_attempt1,25852951350_attempt1,25911485679_attempt1,25957739510_attempt1,25986690554_attempt1",26029755017_attempt1,26091905404_attempt1,classic_breakout_up,classic_quant,0.8428571428571429,0.05397005764231588,0.050588235294117594
21,"24949259015_attempt1,24952032748_attempt1,24986940107_attempt1,25044896828_attempt1,25100490855_attempt1,25157440693_attempt1,25208977834_attempt1,25247789591_attempt1,25274678535_attempt1,25311264469_attempt1,25367630341_attempt1,25427145257_attempt1,25487949887_attempt1,25545252940_attempt1,25596809734_attempt1,25624592440_attempt1,25665168591_attempt1,25791429807_attempt1,25852951350_attempt1,25911485679_attempt1,25957739510_attempt1,25986690554_attempt1,26029755017_attempt1",26091905404_attempt1,26156603287_attempt1,classic_early_drop_down,classic_quant,0.9166666666666667,0.15223769391498454,0.04063492063492064
22,"24949259015_attempt1,24952032748_attempt1,24986940107_attempt1,25044896828_attempt1,25100490855_attempt1,25157440693_attempt1,25208977834_attempt1,25247789591_attempt1,25274678535_attempt1,25311264469_attempt1,25367630341_attempt1,25427145257_attempt1,25487949887_attempt1,25545252940_attempt1,25596809734_attempt1,25624592440_attempt1,25665168591_attempt1,25791429807_attempt1,25852951350_attempt1,25911485679_attempt1,25957739510_attempt1,25986690554_attempt1,26029755017_attempt1,26091905404_attempt1",26156603287_attempt1,26221008452_attempt1,portfolio_micro_ts_mix,portfolio,0.8666666666666667,0.3412757614983166,0.10396628552841929
23,"24949259015_attempt1,24952032748_attempt1,24986940107_attempt1,25044896828_attempt1,25100490855_attempt1,25157440693_attempt1,25208977834_attempt1,25247789591_attempt1,25274678535_attempt1,25311264469_attempt1,25367630341_attempt1,25427145257_attempt1,25487949887_attempt1,25545252940_attempt1,25596809734_attempt1,25624592440_attempt1,25665168591_attempt1,25791429807_attempt1,25852951350_attempt1,25911485679_attempt1,25957739510_attempt1,25986690554_attempt1,26029755017_attempt1,26091905404_attempt1,26156603287_attempt1",26221008452_attempt1,26357456273_attempt1,v1_active_fill_mix,previous_v1,0.8214285714285715,0.10154838497283847,0.09909792843691151
24,"24949259015_attempt1,24952032748_attempt1,24986940107_attempt1,25044896828_attempt1,25100490855_attempt1,25157440693_attempt1,25208977834_attempt1,25247789591_attempt1,25274678535_attempt1,25311264469_attempt1,25367630341_attempt1,25427145257_attempt1,25487949887_attempt1,25545252940_attempt1,25596809734_attempt1,25624592440_attempt1,25665168591_attempt1,25791429807_attempt1,25852951350_attempt1,25911485679_attempt1,25957739510_attempt1,25986690554_attempt1,26029755017_attempt1,26091905404_attempt1,26156603287_attempt1,26221008452_attempt1",26357456273_attempt1,26709070227_attempt1,portfolio_micro_ts_mix,portfolio,0.7095238095238094,0.20999384503159035,0.13794760665853628
25,"24949259015_attempt1,24952032748_attempt1,24986940107_attempt1,25044896828_attempt1,25100490855_attempt1,25157440693_attempt1,25208977834_attempt1,25247789591_attempt1,25274678535_attempt1,25311264469_attempt1,25367630341_attempt1,25427145257_attempt1,25487949887_attempt1,25545252940_attempt1,25596809734_attempt1,25624592440_attempt1,25665168591_attempt1,25791429807_attempt1,25852951350_attempt1,25911485679_attempt1,25957739510_attempt1,25986690554_attempt1,26029755017_attempt1,26091905404_attempt1,26156603287_attempt1,26221008452_attempt1,26357456273_attempt1",26709070227_attempt1,26709294970_attempt1,classic_early_drop_down,classic_quant,0.8976190476190478,0.13985525770128793,0.04071428571428573
26,"24949259015_attempt1,24952032748_attempt1,24986940107_attempt1,25044896828_attempt1,25100490855_attempt1,25157440693_attempt1,25208977834_attempt1,25247789591_attempt1,25274678535_attempt1,25311264469_attempt1,25367630341_attempt1,25427145257_attempt1,25487949887_attempt1,25545252940_attempt1,25596809734_attempt1,25624592440_attempt1,25665168591_attempt1,25791429807_attempt1,25852951350_attempt1,25911485679_attempt1,25957739510_attempt1,25986690554_attempt1,26029755017_attempt1,26091905404_attempt1,26156603287_attempt1,26221008452_attempt1,26357456273_attempt1,26709070227_attempt1",26709294970_attempt1,26755468029_attempt1,classic_early_drop_down,classic_quant,0.8857142857142858,0.16340164900959797,0.04065573770491809
27,"24949259015_attempt1,24952032748_attempt1,24986940107_attempt1,25044896828_attempt1,25100490855_attempt1,25157440693_attempt1,25208977834_attempt1,25247789591_attempt1,25274678535_attempt1,25311264469_attempt1,25367630341_attempt1,25427145257_attempt1,25487949887_attempt1,25545252940_attempt1,25596809734_attempt1,25624592440_attempt1,25665168591_attempt1,25791429807_attempt1,25852951350_attempt1,25911485679_attempt1,25957739510_attempt1,25986690554_attempt1,26029755017_attempt1,26091905404_attempt1,26156603287_attempt1,26221008452_attempt1,26357456273_attempt1,26709070227_attempt1,26709294970_attempt1",26755468029_attempt1,26832707302_attempt1,classic_milddrop_down,classic_quant,0.888095238095238,0.3052658613555661,0.050819672131147624
28,"24949259015_attempt1,24952032748_attempt1,24986940107_attempt1,25044896828_attempt1,25100490855_attempt1,25157440693_attempt1,25208977834_attempt1,25247789591_attempt1,25274678535_attempt1,25311264469_attempt1,25367630341_attempt1,25427145257_attempt1,25487949887_attempt1,25545252940_attempt1,25596809734_attempt1,25624592440_attempt1,25665168591_attempt1,25791429807_attempt1,25852951350_attempt1,25911485679_attempt1,25957739510_attempt1,25986690554_attempt1,26029755017_attempt1,26091905404_attempt1,26156603287_attempt1,26221008452_attempt1,26357456273_attempt1,26709070227_attempt1,26709294970_attempt1,26755468029_attempt1",26832707302_attempt1,26944523023_attempt1,game_pm_overshoot_fade_up,game_theory,0.8333333333333333,0.16298424286033764,0.03602941176470585
29,"24949259015_attempt1,24952032748_attempt1,24986940107_attempt1,25044896828_attempt1,25100490855_attempt1,25157440693_attempt1,25208977834_attempt1,25247789591_attempt1,25274678535_attempt1,25311264469_attempt1,25367630341_attempt1,25427145257_attempt1,25487949887_attempt1,25545252940_attempt1,25596809734_attempt1,25624592440_attempt1,25665168591_attempt1,25791429807_attempt1,25852951350_attempt1,25911485679_attempt1,25957739510_attempt1,25986690554_attempt1,26029755017_attempt1,26091905404_attempt1,26156603287_attempt1,26221008452_attempt1,26357456273_attempt1,26709070227_attempt1,26709294970_attempt1,26755468029_attempt1,26832707302_attempt1",26944523023_attempt1,27008365180_attempt1,game_pm_overshoot_fade_up,game_theory,0.769047619047619,0.12885923337220895,0.03589743589743591
30,"24949259015_attempt1,24952032748_attempt1,24986940107_attempt1,25044896828_attempt1,25100490855_attempt1,25157440693_attempt1,25208977834_attempt1,25247789591_attempt1,25274678535_attempt1,25311264469_attempt1,25367630341_attempt1,25427145257_attempt1,25487949887_attempt1,25545252940_attempt1,25596809734_attempt1,25624592440_attempt1,25665168591_attempt1,25791429807_attempt1,25852951350_attempt1,25911485679_attempt1,25957739510_attempt1,25986690554_attempt1,26029755017_attempt1,26091905404_attempt1,26156603287_attempt1,26221008452_attempt1,26357456273_attempt1,26709070227_attempt1,26709294970_attempt1,26755468029_attempt1,26832707302_attempt1,26944523023_attempt1",27008365180_attempt1,27059341408_attempt1,game_pm_squeeze_fade_down,game_theory,0.8714285714285714,0.10723211629857143,0.036093749999999945
31,"24949259015_attempt1,24952032748_attempt1,24986940107_attempt1,25044896828_attempt1,25100490855_attempt1,25157440693_attempt1,25208977834_attempt1,25247789591_attempt1,25274678535_attempt1,25311264469_attempt1,25367630341_attempt1,25427145257_attempt1,25487949887_attempt1,25545252940_attempt1,25596809734_attempt1,25624592440_attempt1,25665168591_attempt1,25791429807_attempt1,25852951350_attempt1,25911485679_attempt1,25957739510_attempt1,25986690554_attempt1,26029755017_attempt1,26091905404_attempt1,26156603287_attempt1,26221008452_attempt1,26357456273_attempt1,26709070227_attempt1,26709294970_attempt1,26755468029_attempt1,26832707302_attempt1,26944523023_attempt1,27008365180_attempt1",27059341408_attempt1,27089462916_attempt1,game_pm_overshoot_fade_up,game_theory,0.8595238095238096,0.21459032538236023,0.03616666666666671
32,"24949259015_attempt1,24952032748_attempt1,24986940107_attempt1,25044896828_attempt1,25100490855_attempt1,25157440693_attempt1,25208977834_attempt1,25247789591_attempt1,25274678535_attempt1,25311264469_attempt1,25367630341_attempt1,25427145257_attempt1,25487949887_attempt1,25545252940_attempt1,25596809734_attempt1,25624592440_attempt1,25665168591_attempt1,25791429807_attempt1,25852951350_attempt1,25911485679_attempt1,25957739510_attempt1,25986690554_attempt1,26029755017_attempt1,26091905404_attempt1,26156603287_attempt1,26221008452_attempt1,26357456273_attempt1,26709070227_attempt1,26709294970_attempt1,26755468029_attempt1,26832707302_attempt1,26944523023_attempt1,27008365180_attempt1,27059341408_attempt1",27089462916_attempt1,27130700451_attempt1,v1_active_fill_mix,previous_v1,0.7261904761904763,0.14208673828571428,0.0
33,"24949259015_attempt1,24952032748_attempt1,24986940107_attempt1,25044896828_attempt1,25100490855_attempt1,25157440693_attempt1,25208977834_attempt1,25247789591_attempt1,25274678535_attempt1,25311264469_attempt1,25367630341_attempt1,25427145257_attempt1,25487949887_attempt1,25545252940_attempt1,25596809734_attempt1,25624592440_attempt1,25665168591_attempt1,25791429807_attempt1,25852951350_attempt1,25911485679_attempt1,25957739510_attempt1,25986690554_attempt1,26029755017_attempt1,26091905404_attempt1,26156603287_attempt1,26221008452_attempt1,26357456273_attempt1,26709070227_attempt1,26709294970_attempt1,26755468029_attempt1,26832707302_attempt1,26944523023_attempt1,27008365180_attempt1,27059341408_attempt1,27089462916_attempt1",27130700451_attempt1,27199408085_attempt1,game_pm_squeeze_fade_down,game_theory,0.8214285714285714,0.19186484035385254,0.07082838709677412
34,"24949259015_attempt1,24952032748_attempt1,24986940107_attempt1,25044896828_attempt1,25100490855_attempt1,25157440693_attempt1,25208977834_attempt1,25247789591_attempt1,25274678535_attempt1,25311264469_attempt1,25367630341_attempt1,25427145257_attempt1,25487949887_attempt1,25545252940_attempt1,25596809734_attempt1,25624592440_attempt1,25665168591_attempt1,25791429807_attempt1,25852951350_attempt1,25911485679_attempt1,25957739510_attempt1,25986690554_attempt1,26029755017_attempt1,26091905404_attempt1,26156603287_attempt1,26221008452_attempt1,26357456273_attempt1,26709070227_attempt1,26709294970_attempt1,26755468029_attempt1,26832707302_attempt1,26944523023_attempt1,27008365180_attempt1,27059341408_attempt1,27089462916_attempt1,27130700451_attempt1",27199408085_attempt1,27269618919_attempt1,timeseries_reversion_down,time_series,0.7666666666666667,1.0184696005202794,0.14071418514492756
35,"24949259015_attempt1,24952032748_attempt1,24986940107_attempt1,25044896828_attempt1,25100490855_attempt1,25157440693_attempt1,25208977834_attempt1,25247789591_attempt1,25274678535_attempt1,25311264469_attempt1,25367630341_attempt1,25427145257_attempt1,25487949887_attempt1,25545252940_attempt1,25596809734_attempt1,25624592440_attempt1,25665168591_attempt1,25791429807_attempt1,25852951350_attempt1,25911485679_attempt1,25957739510_attempt1,25986690554_attempt1,26029755017_attempt1,26091905404_attempt1,26156603287_attempt1,26221008452_attempt1,26357456273_attempt1,26709070227_attempt1,26709294970_attempt1,26755468029_attempt1,26832707302_attempt1,26944523023_attempt1,27008365180_attempt1,27059341408_attempt1,27089462916_attempt1,27130700451_attempt1,27199408085_attempt1",27269618919_attempt1,27340390720_attempt1,micro_book_consensus_up,microstructure,0.7880952380952382,0.05432919913003098,0.0
36,"24949259015_attempt1,24952032748_attempt1,24986940107_attempt1,25044896828_attempt1,25100490855_attempt1,25157440693_attempt1,25208977834_attempt1,25247789591_attempt1,25274678535_attempt1,25311264469_attempt1,25367630341_attempt1,25427145257_attempt1,25487949887_attempt1,25545252940_attempt1,25596809734_attempt1,25624592440_attempt1,25665168591_attempt1,25791429807_attempt1,25852951350_attempt1,25911485679_attempt1,25957739510_attempt1,25986690554_attempt1,26029755017_attempt1,26091905404_attempt1,26156603287_attempt1,26221008452_attempt1,26357456273_attempt1,26709070227_attempt1,26709294970_attempt1,26755468029_attempt1,26832707302_attempt1,26944523023_attempt1,27008365180_attempt1,27059341408_attempt1,27089462916_attempt1,27130700451_attempt1,27199408085_attempt1,27269618919_attempt1",27340390720_attempt1,27410119221_attempt1,portfolio_micro_ts_mix,portfolio,0.7761904761904762,0.12878754726954722,0.12463993712773941
37,"24949259015_attempt1,24952032748_attempt1,24986940107_attempt1,25044896828_attempt1,25100490855_attempt1,25157440693_attempt1,25208977834_attempt1,25247789591_attempt1,25274678535_attempt1,25311264469_attempt1,25367630341_attempt1,25427145257_attempt1,25487949887_attempt1,25545252940_attempt1,25596809734_attempt1,25624592440_attempt1,25665168591_attempt1,25791429807_attempt1,25852951350_attempt1,25911485679_attempt1,25957739510_attempt1,25986690554_attempt1,26029755017_attempt1,26091905404_attempt1,26156603287_attempt1,26221008452_attempt1,26357456273_attempt1,26709070227_attempt1,26709294970_attempt1,26755468029_attempt1,26832707302_attempt1,26944523023_attempt1,27008365180_attempt1,27059341408_attempt1,27089462916_attempt1,27130700451_attempt1,27199408085_attempt1,27269618919_attempt1,27340390720_attempt1",27410119221_attempt1,27464308599_attempt1,portfolio_micro_ts_mix,portfolio,0.8142857142857144,0.10334180524976011,0.1110550399367612
38,"24949259015_attempt1,24952032748_attempt1,24986940107_attempt1,25044896828_attempt1,25100490855_attempt1,25157440693_attempt1,25208977834_attempt1,25247789591_attempt1,25274678535_attempt1,25311264469_attempt1,25367630341_attempt1,25427145257_attempt1,25487949887_attempt1,25545252940_attempt1,25596809734_attempt1,25624592440_attempt1,25665168591_attempt1,25791429807_attempt1,25852951350_attempt1,25911485679_attempt1,25957739510_attempt1,25986690554_attempt1,26029755017_attempt1,26091905404_attempt1,26156603287_attempt1,26221008452_attempt1,26357456273_attempt1,26709070227_attempt1,26709294970_attempt1,26755468029_attempt1,26832707302_attempt1,26944523023_attempt1,27008365180_attempt1,27059341408_attempt1,27089462916_attempt1,27130700451_attempt1,27199408085_attempt1,27269618919_attempt1,27340390720_attempt1,27410119221_attempt1",27464308599_attempt1,27496226714_attempt1,v1_adaptive_mix,previous_v1,0.755952380952381,0.2915096655516882,0.0
39,"24949259015_attempt1,24952032748_attempt1,24986940107_attempt1,25044896828_attempt1,25100490855_attempt1,25157440693_attempt1,25208977834_attempt1,25247789591_attempt1,25274678535_attempt1,25311264469_attempt1,25367630341_attempt1,25427145257_attempt1,25487949887_attempt1,25545252940_attempt1,25596809734_attempt1,25624592440_attempt1,25665168591_attempt1,25791429807_attempt1,25852951350_attempt1,25911485679_attempt1,25957739510_attempt1,25986690554_attempt1,26029755017_attempt1,26091905404_attempt1,26156603287_attempt1,26221008452_attempt1,26357456273_attempt1,26709070227_attempt1,26709294970_attempt1,26755468029_attempt1,26832707302_attempt1,26944523023_attempt1,27008365180_attempt1,27059341408_attempt1,27089462916_attempt1,27130700451_attempt1,27199408085_attempt1,27269618919_attempt1,27340390720_attempt1,27410119221_attempt1,27464308599_attempt1",27496226714_attempt1,27540844174_attempt1,classic_early_drop_down,classic_quant,0.8071428571428572,0.16394706773737044,0.0795352033050664
40,"24949259015_attempt1,24952032748_attempt1,24986940107_attempt1,25044896828_attempt1,25100490855_attempt1,25157440693_attempt1,25208977834_attempt1,25247789591_attempt1,25274678535_attempt1,25311264469_attempt1,25367630341_attempt1,25427145257_attempt1,25487949887_attempt1,25545252940_attempt1,25596809734_attempt1,25624592440_attempt1,25665168591_attempt1,25791429807_attempt1,25852951350_attempt1,25911485679_attempt1,25957739510_attempt1,25986690554_attempt1,26029755017_attempt1,26091905404_attempt1,26156603287_attempt1,26221008452_attempt1,26357456273_attempt1,26709070227_attempt1,26709294970_attempt1,26755468029_attempt1,26832707302_attempt1,26944523023_attempt1,27008365180_attempt1,27059341408_attempt1,27089462916_attempt1,27130700451_attempt1,27199408085_attempt1,27269618919_attempt1,27340390720_attempt1,27410119221_attempt1,27464308599_attempt1,27496226714_attempt1",27540844174_attempt1,27612222130_attempt1,game_pm_overshoot_fade_up,game_theory,0.8095238095238095,0.16167809239745345,0.10427310707720594
41,"24949259015_attempt1,24952032748_attempt1,24986940107_attempt1,25044896828_attempt1,25100490855_attempt1,25157440693_attempt1,25208977834_attempt1,25247789591_attempt1,25274678535_attempt1,25311264469_attempt1,25367630341_attempt1,25427145257_attempt1,25487949887_attempt1,25545252940_attempt1,25596809734_attempt1,25624592440_attempt1,25665168591_attempt1,25791429807_attempt1,25852951350_attempt1,25911485679_attempt1,25957739510_attempt1,25986690554_attempt1,26029755017_attempt1,26091905404_attempt1,26156603287_attempt1,26221008452_attempt1,26357456273_attempt1,26709070227_attempt1,26709294970_attempt1,26755468029_attempt1,26832707302_attempt1,26944523023_attempt1,27008365180_attempt1,27059341408_attempt1,27089462916_attempt1,27130700451_attempt1,27199408085_attempt1,27269618919_attempt1,27340390720_attempt1,27410119221_attempt1,27464308599_attempt1,27496226714_attempt1,27540844174_attempt1",27612222130_attempt1,27683808024_attempt1,classic_breakout_up,classic_quant,0.7642857142857142,0.19296793454243977,0.0
42,"24949259015_attempt1,24952032748_attempt1,24986940107_attempt1,25044896828_attempt1,25100490855_attempt1,25157440693_attempt1,25208977834_attempt1,25247789591_attempt1,25274678535_attempt1,25311264469_attempt1,25367630341_attempt1,25427145257_attempt1,25487949887_attempt1,25545252940_attempt1,25596809734_attempt1,25624592440_attempt1,25665168591_attempt1,25791429807_attempt1,25852951350_attempt1,25911485679_attempt1,25957739510_attempt1,25986690554_attempt1,26029755017_attempt1,26091905404_attempt1,26156603287_attempt1,26221008452_attempt1,26357456273_attempt1,26709070227_attempt1,26709294970_attempt1,26755468029_attempt1,26832707302_attempt1,26944523023_attempt1,27008365180_attempt1,27059341408_attempt1,27089462916_attempt1,27130700451_attempt1,27199408085_attempt1,27269618919_attempt1,27340390720_attempt1,27410119221_attempt1,27464308599_attempt1,27496226714_attempt1,27540844174_attempt1,27612222130_attempt1",27683808024_attempt1,27754758156_attempt1,classic_breakout_up,classic_quant,0.8023809523809524,0.10614415847788727,0.0
43,"24949259015_attempt1,24952032748_attempt1,24986940107_attempt1,25044896828_attempt1,25100490855_attempt1,25157440693_attempt1,25208977834_attempt1,25247789591_attempt1,25274678535_attempt1,25311264469_attempt1,25367630341_attempt1,25427145257_attempt1,25487949887_attempt1,25545252940_attempt1,25596809734_attempt1,25624592440_attempt1,25665168591_attempt1,25791429807_attempt1,25852951350_attempt1,25911485679_attempt1,25957739510_attempt1,25986690554_attempt1,26029755017_attempt1,26091905404_attempt1,26156603287_attempt1,26221008452_attempt1,26357456273_attempt1,26709070227_attempt1,26709294970_attempt1,26755468029_attempt1,26832707302_attempt1,26944523023_attempt1,27008365180_attempt1,27059341408_attempt1,27089462916_attempt1,27130700451_attempt1,27199408085_attempt1,27269618919_attempt1,27340390720_attempt1,27410119221_attempt1,27464308599_attempt1,27496226714_attempt1,27540844174_attempt1,27612222130_attempt1,27683808024_attempt1",27754758156_attempt1,27821835753_attempt1,classic_early_drop_down,classic_quant,0.8500000000000001,0.23089237384803374,0.0625248993517878
44,"24949259015_attempt1,24952032748_attempt1,24986940107_attempt1,25044896828_attempt1,25100490855_attempt1,25157440693_attempt1,25208977834_attempt1,25247789591_attempt1,25274678535_attempt1,25311264469_attempt1,25367630341_attempt1,25427145257_attempt1,25487949887_attempt1,25545252940_attempt1,25596809734_attempt1,25624592440_attempt1,25665168591_attempt1,25791429807_attempt1,25852951350_attempt1,25911485679_attempt1,25957739510_attempt1,25986690554_attempt1,26029755017_attempt1,26091905404_attempt1,26156603287_attempt1,26221008452_attempt1,26357456273_attempt1,26709070227_attempt1,26709294970_attempt1,26755468029_attempt1,26832707302_attempt1,26944523023_attempt1,27008365180_attempt1,27059341408_attempt1,27089462916_attempt1,27130700451_attempt1,27199408085_attempt1,27269618919_attempt1,27340390720_attempt1,27410119221_attempt1,27464308599_attempt1,27496226714_attempt1,27540844174_attempt1,27612222130_attempt1,27683808024_attempt1,27754758156_attempt1",27821835753_attempt1,27869277828_attempt1,classic_early_drop_down,classic_quant,0.8476190476190477,0.0849780232837285,0.04597936343605161
45,"24949259015_attempt1,24952032748_attempt1,24986940107_attempt1,25044896828_attempt1,25100490855_attempt1,25157440693_attempt1,25208977834_attempt1,25247789591_attempt1,25274678535_attempt1,25311264469_attempt1,25367630341_attempt1,25427145257_attempt1,25487949887_attempt1,25545252940_attempt1,25596809734_attempt1,25624592440_attempt1,25665168591_attempt1,25791429807_attempt1,25852951350_attempt1,25911485679_attempt1,25957739510_attempt1,25986690554_attempt1,26029755017_attempt1,26091905404_attempt1,26156603287_attempt1,26221008452_attempt1,26357456273_attempt1,26709070227_attempt1,26709294970_attempt1,26755468029_attempt1,26832707302_attempt1,26944523023_attempt1,27008365180_attempt1,27059341408_attempt1,27089462916_attempt1,27130700451_attempt1,27199408085_attempt1,27269618919_attempt1,27340390720_attempt1,27410119221_attempt1,27464308599_attempt1,27496226714_attempt1,27540844174_attempt1,27612222130_attempt1,27683808024_attempt1,27754758156_attempt1,27821835753_attempt1",27869277828_attempt1,27902430728_attempt1,classic_milddrop_down,classic_quant,0.819047619047619,0.21778220973633378,0.06491133649316845
46,"24949259015_attempt1,24952032748_attempt1,24986940107_attempt1,25044896828_attempt1,25100490855_attempt1,25157440693_attempt1,25208977834_attempt1,25247789591_attempt1,25274678535_attempt1,25311264469_attempt1,25367630341_attempt1,25427145257_attempt1,25487949887_attempt1,25545252940_attempt1,25596809734_attempt1,25624592440_attempt1,25665168591_attempt1,25791429807_attempt1,25852951350_attempt1,25911485679_attempt1,25957739510_attempt1,25986690554_attempt1,26029755017_attempt1,26091905404_attempt1,26156603287_attempt1,26221008452_attempt1,26357456273_attempt1,26709070227_attempt1,26709294970_attempt1,26755468029_attempt1,26832707302_attempt1,26944523023_attempt1,27008365180_attempt1,27059341408_attempt1,27089462916_attempt1,27130700451_attempt1,27199408085_attempt1,27269618919_attempt1,27340390720_attempt1,27410119221_attempt1,27464308599_attempt1,27496226714_attempt1,27540844174_attempt1,27612222130_attempt1,27683808024_attempt1,27754758156_attempt1,27821835753_attempt1,27869277828_attempt1",27902430728_attempt1,27948683312_attempt1,classic_early_drop_down,classic_quant,0.8,0.03641808956096204,0.05099497376260155
47,"24949259015_attempt1,24952032748_attempt1,24986940107_attempt1,25044896828_attempt1,25100490855_attempt1,25157440693_attempt1,25208977834_attempt1,25247789591_attempt1,25274678535_attempt1,25311264469_attempt1,25367630341_attempt1,25427145257_attempt1,25487949887_attempt1,25545252940_attempt1,25596809734_attempt1,25624592440_attempt1,25665168591_attempt1,25791429807_attempt1,25852951350_attempt1,25911485679_attempt1,25957739510_attempt1,25986690554_attempt1,26029755017_attempt1,26091905404_attempt1,26156603287_attempt1,26221008452_attempt1,26357456273_attempt1,26709070227_attempt1,26709294970_attempt1,26755468029_attempt1,26832707302_attempt1,26944523023_attempt1,27008365180_attempt1,27059341408_attempt1,27089462916_attempt1,27130700451_attempt1,27199408085_attempt1,27269618919_attempt1,27340390720_attempt1,27410119221_attempt1,27464308599_attempt1,27496226714_attempt1,27540844174_attempt1,27612222130_attempt1,27683808024_attempt1,27754758156_attempt1,27821835753_attempt1,27869277828_attempt1,27902430728_attempt1",27948683312_attempt1,28022420503_attempt1,v1_active_fill_mix,previous_v1,0.8273809523809524,0.12701298712250697,0.06090909090909089
48,"24949259015_attempt1,24952032748_attempt1,24986940107_attempt1,25044896828_attempt1,25100490855_attempt1,25157440693_attempt1,25208977834_attempt1,25247789591_attempt1,25274678535_attempt1,25311264469_attempt1,25367630341_attempt1,25427145257_attempt1,25487949887_attempt1,25545252940_attempt1,25596809734_attempt1,25624592440_attempt1,25665168591_attempt1,25791429807_attempt1,25852951350_attempt1,25911485679_attempt1,25957739510_attempt1,25986690554_attempt1,26029755017_attempt1,26091905404_attempt1,26156603287_attempt1,26221008452_attempt1,26357456273_attempt1,26709070227_attempt1,26709294970_attempt1,26755468029_attempt1,26832707302_attempt1,26944523023_attempt1,27008365180_attempt1,27059341408_attempt1,27089462916_attempt1,27130700451_attempt1,27199408085_attempt1,27269618919_attempt1,27340390720_attempt1,27410119221_attempt1,27464308599_attempt1,27496226714_attempt1,27540844174_attempt1,27612222130_attempt1,27683808024_attempt1,27754758156_attempt1,27821835753_attempt1,27869277828_attempt1,27902430728_attempt1,27948683312_attempt1",28022420503_attempt1,28095005508_attempt1,portfolio_conservative_v2,portfolio,0.7666666666666666,0.08269430850022452,0.0457627118644068
49,"24949259015_attempt1,24952032748_attempt1,24986940107_attempt1,25044896828_attempt1,25100490855_attempt1,25157440693_attempt1,25208977834_attempt1,25247789591_attempt1,25274678535_attempt1,25311264469_attempt1,25367630341_attempt1,25427145257_attempt1,25487949887_attempt1,25545252940_attempt1,25596809734_attempt1,25624592440_attempt1,25665168591_attempt1,25791429807_attempt1,25852951350_attempt1,25911485679_attempt1,25957739510_attempt1,25986690554_attempt1,26029755017_attempt1,26091905404_attempt1,26156603287_attempt1,26221008452_attempt1,26357456273_attempt1,26709070227_attempt1,26709294970_attempt1,26755468029_attempt1,26832707302_attempt1,26944523023_attempt1,27008365180_attempt1,27059341408_attempt1,27089462916_attempt1,27130700451_attempt1,27199408085_attempt1,27269618919_attempt1,27340390720_attempt1,27410119221_attempt1,27464308599_attempt1,27496226714_attempt1,27540844174_attempt1,27612222130_attempt1,27683808024_attempt1,27754758156_attempt1,27821835753_attempt1,27869277828_attempt1,27902430728_attempt1,27948683312_attempt1,28022420503_attempt1",28095005508_attempt1,28166886036_attempt1,classic_sharpdrop_reversal_up,classic_quant,0.8690476190476191,0.997804118565994,0.12055244040404035
50,"24949259015_attempt1,24952032748_attempt1,24986940107_attempt1,25044896828_attempt1,25100490855_attempt1,25157440693_attempt1,25208977834_attempt1,25247789591_attempt1,25274678535_attempt1,25311264469_attempt1,25367630341_attempt1,25427145257_attempt1,25487949887_attempt1,25545252940_attempt1,25596809734_attempt1,25624592440_attempt1,25665168591_attempt1,25791429807_attempt1,25852951350_attempt1,25911485679_attempt1,25957739510_attempt1,25986690554_attempt1,26029755017_attempt1,26091905404_attempt1,26156603287_attempt1,26221008452_attempt1,26357456273_attempt1,26709070227_attempt1,26709294970_attempt1,26755468029_attempt1,26832707302_attempt1,26944523023_attempt1,27008365180_attempt1,27059341408_attempt1,27089462916_attempt1,27130700451_attempt1,27199408085_attempt1,27269618919_attempt1,27340390720_attempt1,27410119221_attempt1,27464308599_attempt1,27496226714_attempt1,27540844174_attempt1,27612222130_attempt1,27683808024_attempt1,27754758156_attempt1,27821835753_attempt1,27869277828_attempt1,27902430728_attempt1,27948683312_attempt1,28022420503_attempt1,28095005508_attempt1",28166886036_attempt1,28235383560_attempt1,classic_milddrop_down,classic_quant,0.8928571428571428,0.2686381357976575,0.07332880562060894
51,"24949259015_attempt1,24952032748_attempt1,24986940107_attempt1,25044896828_attempt1,25100490855_attempt1,25157440693_attempt1,25208977834_attempt1,25247789591_attempt1,25274678535_attempt1,25311264469_attempt1,25367630341_attempt1,25427145257_attempt1,25487949887_attempt1,25545252940_attempt1,25596809734_attempt1,25624592440_attempt1,25665168591_attempt1,25791429807_attempt1,25852951350_attempt1,25911485679_attempt1,25957739510_attempt1,25986690554_attempt1,26029755017_attempt1,26091905404_attempt1,26156603287_attempt1,26221008452_attempt1,26357456273_attempt1,26709070227_attempt1,26709294970_attempt1,26755468029_attempt1,26832707302_attempt1,26944523023_attempt1,27008365180_attempt1,27059341408_attempt1,27089462916_attempt1,27130700451_attempt1,27199408085_attempt1,27269618919_attempt1,27340390720_attempt1,27410119221_attempt1,27464308599_attempt1,27496226714_attempt1,27540844174_attempt1,27612222130_attempt1,27683808024_attempt1,27754758156_attempt1,27821835753_attempt1,27869277828_attempt1,27902430728_attempt1,27948683312_attempt1,28022420503_attempt1,28095005508_attempt1,28166886036_attempt1",28235383560_attempt1,28288053257_attempt1,game_pm_overshoot_fade_up,game_theory,0.9047619047619049,0.19272858067600618,0.10567993208828522
52,"24949259015_attempt1,24952032748_attempt1,24986940107_attempt1,25044896828_attempt1,25100490855_attempt1,25157440693_attempt1,25208977834_attempt1,25247789591_attempt1,25274678535_attempt1,25311264469_attempt1,25367630341_attempt1,25427145257_attempt1,25487949887_attempt1,25545252940_attempt1,25596809734_attempt1,25624592440_attempt1,25665168591_attempt1,25791429807_attempt1,25852951350_attempt1,25911485679_attempt1,25957739510_attempt1,25986690554_attempt1,26029755017_attempt1,26091905404_attempt1,26156603287_attempt1,26221008452_attempt1,26357456273_attempt1,26709070227_attempt1,26709294970_attempt1,26755468029_attempt1,26832707302_attempt1,26944523023_attempt1,27008365180_attempt1,27059341408_attempt1,27089462916_attempt1,27130700451_attempt1,27199408085_attempt1,27269618919_attempt1,27340390720_attempt1,27410119221_attempt1,27464308599_attempt1,27496226714_attempt1,27540844174_attempt1,27612222130_attempt1,27683808024_attempt1,27754758156_attempt1,27821835753_attempt1,27869277828_attempt1,27902430728_attempt1,27948683312_attempt1,28022420503_attempt1,28095005508_attempt1,28166886036_attempt1,28235383560_attempt1",28288053257_attempt1,28321073325_attempt1,portfolio_micro_ts_mix,portfolio,0.7833333333333334,0.6273628077918176,0.09029783022110205
53,"24949259015_attempt1,24952032748_attempt1,24986940107_attempt1,25044896828_attempt1,25100490855_attempt1,25157440693_attempt1,25208977834_attempt1,25247789591_attempt1,25274678535_attempt1,25311264469_attempt1,25367630341_attempt1,25427145257_attempt1,25487949887_attempt1,25545252940_attempt1,25596809734_attempt1,25624592440_attempt1,25665168591_attempt1,25791429807_attempt1,25852951350_attempt1,25911485679_attempt1,25957739510_attempt1,25986690554_attempt1,26029755017_attempt1,26091905404_attempt1,26156603287_attempt1,26221008452_attempt1,26357456273_attempt1,26709070227_attempt1,26709294970_attempt1,26755468029_attempt1,26832707302_attempt1,26944523023_attempt1,27008365180_attempt1,27059341408_attempt1,27089462916_attempt1,27130700451_attempt1,27199408085_attempt1,27269618919_attempt1,27340390720_attempt1,27410119221_attempt1,27464308599_attempt1,27496226714_attempt1,27540844174_attempt1,27612222130_attempt1,27683808024_attempt1,27754758156_attempt1,27821835753_attempt1,27869277828_attempt1,27902430728_attempt1,27948683312_attempt1,28022420503_attempt1,28095005508_attempt1,28166886036_attempt1,28235383560_attempt1,28288053257_attempt1",28321073325_attempt1,28369678027_attempt1,v1_adaptive_mix,previous_v1,0.7440476190476191,0.1629334399661022,0.0
54,"24949259015_attempt1,24952032748_attempt1,24986940107_attempt1,25044896828_attempt1,25100490855_attempt1,25157440693_attempt1,25208977834_attempt1,25247789591_attempt1,25274678535_attempt1,25311264469_attempt1,25367630341_attempt1,25427145257_attempt1,25487949887_attempt1,25545252940_attempt1,25596809734_attempt1,25624592440_attempt1,25665168591_attempt1,25791429807_attempt1,25852951350_attempt1,25911485679_attempt1,25957739510_attempt1,25986690554_attempt1,26029755017_attempt1,26091905404_attempt1,26156603287_attempt1,26221008452_attempt1,26357456273_attempt1,26709070227_attempt1,26709294970_attempt1,26755468029_attempt1,26832707302_attempt1,26944523023_attempt1,27008365180_attempt1,27059341408_attempt1,27089462916_attempt1,27130700451_attempt1,27199408085_attempt1,27269618919_attempt1,27340390720_attempt1,27410119221_attempt1,27464308599_attempt1,27496226714_attempt1,27540844174_attempt1,27612222130_attempt1,27683808024_attempt1,27754758156_attempt1,27821835753_attempt1,27869277828_attempt1,27902430728_attempt1,27948683312_attempt1,28022420503_attempt1,28095005508_attempt1,28166886036_attempt1,28235383560_attempt1,28288053257_attempt1,28321073325_attempt1",28369678027_attempt1,28442123818_attempt1,classic_breakout_up,classic_quant,0.7642857142857142,0.07370746744441425,0.0
55,"24949259015_attempt1,24952032748_attempt1,24986940107_attempt1,25044896828_attempt1,25100490855_attempt1,25157440693_attempt1,25208977834_attempt1,25247789591_attempt1,25274678535_attempt1,25311264469_attempt1,25367630341_attempt1,25427145257_attempt1,25487949887_attempt1,25545252940_attempt1,25596809734_attempt1,25624592440_attempt1,25665168591_attempt1,25791429807_attempt1,25852951350_attempt1,25911485679_attempt1,25957739510_attempt1,25986690554_attempt1,26029755017_attempt1,26091905404_attempt1,26156603287_attempt1,26221008452_attempt1,26357456273_attempt1,26709070227_attempt1,26709294970_attempt1,26755468029_attempt1,26832707302_attempt1,26944523023_attempt1,27008365180_attempt1,27059341408_attempt1,27089462916_attempt1,27130700451_attempt1,27199408085_attempt1,27269618919_attempt1,27340390720_attempt1,27410119221_attempt1,27464308599_attempt1,27496226714_attempt1,27540844174_attempt1,27612222130_attempt1,27683808024_attempt1,27754758156_attempt1,27821835753_attempt1,27869277828_attempt1,27902430728_attempt1,27948683312_attempt1,28022420503_attempt1,28095005508_attempt1,28166886036_attempt1,28235383560_attempt1,28288053257_attempt1,28321073325_attempt1,28369678027_attempt1",28442123818_attempt1,28515647330_attempt1,classic_early_drop_down,classic_quant,0.8142857142857143,0.08035798289194052,0.07433790373865692
56,"24949259015_attempt1,24952032748_attempt1,24986940107_attempt1,25044896828_attempt1,25100490855_attempt1,25157440693_attempt1,25208977834_attempt1,25247789591_attempt1,25274678535_attempt1,25311264469_attempt1,25367630341_attempt1,25427145257_attempt1,25487949887_attempt1,25545252940_attempt1,25596809734_attempt1,25624592440_attempt1,25665168591_attempt1,25791429807_attempt1,25852951350_attempt1,25911485679_attempt1,25957739510_attempt1,25986690554_attempt1,26029755017_attempt1,26091905404_attempt1,26156603287_attempt1,26221008452_attempt1,26357456273_attempt1,26709070227_attempt1,26709294970_attempt1,26755468029_attempt1,26832707302_attempt1,26944523023_attempt1,27008365180_attempt1,27059341408_attempt1,27089462916_attempt1,27130700451_attempt1,27199408085_attempt1,27269618919_attempt1,27340390720_attempt1,27410119221_attempt1,27464308599_attempt1,27496226714_attempt1,27540844174_attempt1,27612222130_attempt1,27683808024_attempt1,27754758156_attempt1,27821835753_attempt1,27869277828_attempt1,27902430728_attempt1,27948683312_attempt1,28022420503_attempt1,28095005508_attempt1,28166886036_attempt1,28235383560_attempt1,28288053257_attempt1,28321073325_attempt1,28369678027_attempt1,28442123818_attempt1",28515647330_attempt1,28588281394_attempt1,portfolio_micro_ts_mix,portfolio,0.8595238095238097,0.11490665475960316,0.0893967648190243
57,"24949259015_attempt1,24952032748_attempt1,24986940107_attempt1,25044896828_attempt1,25100490855_attempt1,25157440693_attempt1,25208977834_attempt1,25247789591_attempt1,25274678535_attempt1,25311264469_attempt1,25367630341_attempt1,25427145257_attempt1,25487949887_attempt1,25545252940_attempt1,25596809734_attempt1,25624592440_attempt1,25665168591_attempt1,25791429807_attempt1,25852951350_attempt1,25911485679_attempt1,25957739510_attempt1,25986690554_attempt1,26029755017_attempt1,26091905404_attempt1,26156603287_attempt1,26221008452_attempt1,26357456273_attempt1,26709070227_attempt1,26709294970_attempt1,26755468029_attempt1,26832707302_attempt1,26944523023_attempt1,27008365180_attempt1,27059341408_attempt1,27089462916_attempt1,27130700451_attempt1,27199408085_attempt1,27269618919_attempt1,27340390720_attempt1,27410119221_attempt1,27464308599_attempt1,27496226714_attempt1,27540844174_attempt1,27612222130_attempt1,27683808024_attempt1,27754758156_attempt1,27821835753_attempt1,27869277828_attempt1,27902430728_attempt1,27948683312_attempt1,28022420503_attempt1,28095005508_attempt1,28166886036_attempt1,28235383560_attempt1,28288053257_attempt1,28321073325_attempt1,28369678027_attempt1,28442123818_attempt1,28515647330_attempt1",28588281394_attempt1,28659365605_attempt1,classic_milddrop_down,classic_quant,0.8809523809523809,0.2596433131741305,0.09893299549549539
58,"24949259015_attempt1,24952032748_attempt1,24986940107_attempt1,25044896828_attempt1,25100490855_attempt1,25157440693_attempt1,25208977834_attempt1,25247789591_attempt1,25274678535_attempt1,25311264469_attempt1,25367630341_attempt1,25427145257_attempt1,25487949887_attempt1,25545252940_attempt1,25596809734_attempt1,25624592440_attempt1,25665168591_attempt1,25791429807_attempt1,25852951350_attempt1,25911485679_attempt1,25957739510_attempt1,25986690554_attempt1,26029755017_attempt1,26091905404_attempt1,26156603287_attempt1,26221008452_attempt1,26357456273_attempt1,26709070227_attempt1,26709294970_attempt1,26755468029_attempt1,26832707302_attempt1,26944523023_attempt1,27008365180_attempt1,27059341408_attempt1,27089462916_attempt1,27130700451_attempt1,27199408085_attempt1,27269618919_attempt1,27340390720_attempt1,27410119221_attempt1,27464308599_attempt1,27496226714_attempt1,27540844174_attempt1,27612222130_attempt1,27683808024_attempt1,27754758156_attempt1,27821835753_attempt1,27869277828_attempt1,27902430728_attempt1,27948683312_attempt1,28022420503_attempt1,28095005508_attempt1,28166886036_attempt1,28235383560_attempt1,28288053257_attempt1,28321073325_attempt1,28369678027_attempt1,28442123818_attempt1,28515647330_attempt1,28588281394_attempt1",28659365605_attempt1,28705739897_attempt1,classic_early_drop_down,classic_quant,0.8380952380952381,0.0943597346279188,0.040689655172413845
59,"24949259015_attempt1,24952032748_attempt1,24986940107_attempt1,25044896828_attempt1,25100490855_attempt1,25157440693_attempt1,25208977834_attempt1,25247789591_attempt1,25274678535_attempt1,25311264469_attempt1,25367630341_attempt1,25427145257_attempt1,25487949887_attempt1,25545252940_attempt1,25596809734_attempt1,25624592440_attempt1,25665168591_attempt1,25791429807_attempt1,25852951350_attempt1,25911485679_attempt1,25957739510_attempt1,25986690554_attempt1,26029755017_attempt1,26091905404_attempt1,26156603287_attempt1,26221008452_attempt1,26357456273_attempt1,26709070227_attempt1,26709294970_attempt1,26755468029_attempt1,26832707302_attempt1,26944523023_attempt1,27008365180_attempt1,27059341408_attempt1,27089462916_attempt1,27130700451_attempt1,27199408085_attempt1,27269618919_attempt1,27340390720_attempt1,27410119221_attempt1,27464308599_attempt1,27496226714_attempt1,27540844174_attempt1,27612222130_attempt1,27683808024_attempt1,27754758156_attempt1,27821835753_attempt1,27869277828_attempt1,27902430728_attempt1,27948683312_attempt1,28022420503_attempt1,28095005508_attempt1,28166886036_attempt1,28235383560_attempt1,28288053257_attempt1,28321073325_attempt1,28369678027_attempt1,28442123818_attempt1,28515647330_attempt1,28588281394_attempt1,28659365605_attempt1",28705739897_attempt1,28740396418_attempt1,portfolio_micro_ts_mix,portfolio,0.8928571428571428,0.6029850937787145,0.06107133333333338
60,"24949259015_attempt1,24952032748_attempt1,24986940107_attempt1,25044896828_attempt1,25100490855_attempt1,25157440693_attempt1,25208977834_attempt1,25247789591_attempt1,25274678535_attempt1,25311264469_attempt1,25367630341_attempt1,25427145257_attempt1,25487949887_attempt1,25545252940_attempt1,25596809734_attempt1,25624592440_attempt1,25665168591_attempt1,25791429807_attempt1,25852951350_attempt1,25911485679_attempt1,25957739510_attempt1,25986690554_attempt1,26029755017_attempt1,26091905404_attempt1,26156603287_attempt1,26221008452_attempt1,26357456273_attempt1,26709070227_attempt1,26709294970_attempt1,26755468029_attempt1,26832707302_attempt1,26944523023_attempt1,27008365180_attempt1,27059341408_attempt1,27089462916_attempt1,27130700451_attempt1,27199408085_attempt1,27269618919_attempt1,27340390720_attempt1,27410119221_attempt1,27464308599_attempt1,27496226714_attempt1,27540844174_attempt1,27612222130_attempt1,27683808024_attempt1,27754758156_attempt1,27821835753_attempt1,27869277828_attempt1,27902430728_attempt1,27948683312_attempt1,28022420503_attempt1,28095005508_attempt1,28166886036_attempt1,28235383560_attempt1,28288053257_attempt1,28321073325_attempt1,28369678027_attempt1,28442123818_attempt1,28515647330_attempt1,28588281394_attempt1,28659365605_attempt1,28705739897_attempt1",28740396418_attempt1,28847404575_attempt1,game_pm_squeeze_fade_down,game_theory,0.7404761904761905,0.1675013560495211,0.13714454031933576
61,"24949259015_attempt1,24952032748_attempt1,24986940107_attempt1,25044896828_attempt1,25100490855_attempt1,25157440693_attempt1,25208977834_attempt1,25247789591_attempt1,25274678535_attempt1,25311264469_attempt1,25367630341_attempt1,25427145257_attempt1,25487949887_attempt1,25545252940_attempt1,25596809734_attempt1,25624592440_attempt1,25665168591_attempt1,25791429807_attempt1,25852951350_attempt1,25911485679_attempt1,25957739510_attempt1,25986690554_attempt1,26029755017_attempt1,26091905404_attempt1,26156603287_attempt1,26221008452_attempt1,26357456273_attempt1,26709070227_attempt1,26709294970_attempt1,26755468029_attempt1,26832707302_attempt1,26944523023_attempt1,27008365180_attempt1,27059341408_attempt1,27089462916_attempt1,27130700451_attempt1,27199408085_attempt1,27269618919_attempt1,27340390720_attempt1,27410119221_attempt1,27464308599_attempt1,27496226714_attempt1,27540844174_attempt1,27612222130_attempt1,27683808024_attempt1,27754758156_attempt1,27821835753_attempt1,27869277828_attempt1,27902430728_attempt1,27948683312_attempt1,28022420503_attempt1,28095005508_attempt1,28166886036_attempt1,28235383560_attempt1,28288053257_attempt1,28321073325_attempt1,28369678027_attempt1,28442123818_attempt1,28515647330_attempt1,28588281394_attempt1,28659365605_attempt1,28705739897_attempt1,28740396418_attempt1",28847404575_attempt1,28923778969_attempt1,classic_early_drop_down,classic_quant,0.8,0.07138493901893495,0.043850536249451094
62,"24949259015_attempt1,24952032748_attempt1,24986940107_attempt1,25044896828_attempt1,25100490855_attempt1,25157440693_attempt1,25208977834_attempt1,25247789591_attempt1,25274678535_attempt1,25311264469_attempt1,25367630341_attempt1,25427145257_attempt1,25487949887_attempt1,25545252940_attempt1,25596809734_attempt1,25624592440_attempt1,25665168591_attempt1,25791429807_attempt1,25852951350_attempt1,25911485679_attempt1,25957739510_attempt1,25986690554_attempt1,26029755017_attempt1,26091905404_attempt1,26156603287_attempt1,26221008452_attempt1,26357456273_attempt1,26709070227_attempt1,26709294970_attempt1,26755468029_attempt1,26832707302_attempt1,26944523023_attempt1,27008365180_attempt1,27059341408_attempt1,27089462916_attempt1,27130700451_attempt1,27199408085_attempt1,27269618919_attempt1,27340390720_attempt1,27410119221_attempt1,27464308599_attempt1,27496226714_attempt1,27540844174_attempt1,27612222130_attempt1,27683808024_attempt1,27754758156_attempt1,27821835753_attempt1,27869277828_attempt1,27902430728_attempt1,27948683312_attempt1,28022420503_attempt1,28095005508_attempt1,28166886036_attempt1,28235383560_attempt1,28288053257_attempt1,28321073325_attempt1,28369678027_attempt1,28442123818_attempt1,28515647330_attempt1,28588281394_attempt1,28659365605_attempt1,28705739897_attempt1,28740396418_attempt1,28847404575_attempt1",28923778969_attempt1,29000291038_attempt1,v1_active_fill_mix,previous_v1,0.7654761904761906,0.2648356607047202,0.09710027083242494
63,"24949259015_attempt1,24952032748_attempt1,24986940107_attempt1,25044896828_attempt1,25100490855_attempt1,25157440693_attempt1,25208977834_attempt1,25247789591_attempt1,25274678535_attempt1,25311264469_attempt1,25367630341_attempt1,25427145257_attempt1,25487949887_attempt1,25545252940_attempt1,25596809734_attempt1,25624592440_attempt1,25665168591_attempt1,25791429807_attempt1,25852951350_attempt1,25911485679_attempt1,25957739510_attempt1,25986690554_attempt1,26029755017_attempt1,26091905404_attempt1,26156603287_attempt1,26221008452_attempt1,26357456273_attempt1,26709070227_attempt1,26709294970_attempt1,26755468029_attempt1,26832707302_attempt1,26944523023_attempt1,27008365180_attempt1,27059341408_attempt1,27089462916_attempt1,27130700451_attempt1,27199408085_attempt1,27269618919_attempt1,27340390720_attempt1,27410119221_attempt1,27464308599_attempt1,27496226714_attempt1,27540844174_attempt1,27612222130_attempt1,27683808024_attempt1,27754758156_attempt1,27821835753_attempt1,27869277828_attempt1,27902430728_attempt1,27948683312_attempt1,28022420503_attempt1,28095005508_attempt1,28166886036_attempt1,28235383560_attempt1,28288053257_attempt1,28321073325_attempt1,28369678027_attempt1,28442123818_attempt1,28515647330_attempt1,28588281394_attempt1,28659365605_attempt1,28705739897_attempt1,28740396418_attempt1,28847404575_attempt1,28923778969_attempt1",29000291038_attempt1,29075660007_attempt1,classic_breakout_up,classic_quant,0.8119047619047619,0.04918881813062881,0.0
64,"24949259015_attempt1,24952032748_attempt1,24986940107_attempt1,25044896828_attempt1,25100490855_attempt1,25157440693_attempt1,25208977834_attempt1,25247789591_attempt1,25274678535_attempt1,25311264469_attempt1,25367630341_attempt1,25427145257_attempt1,25487949887_attempt1,25545252940_attempt1,25596809734_attempt1,25624592440_attempt1,25665168591_attempt1,25791429807_attempt1,25852951350_attempt1,25911485679_attempt1,25957739510_attempt1,25986690554_attempt1,26029755017_attempt1,26091905404_attempt1,26156603287_attempt1,26221008452_attempt1,26357456273_attempt1,26709070227_attempt1,26709294970_attempt1,26755468029_attempt1,26832707302_attempt1,26944523023_attempt1,27008365180_attempt1,27059341408_attempt1,27089462916_attempt1,27130700451_attempt1,27199408085_attempt1,27269618919_attempt1,27340390720_attempt1,27410119221_attempt1,27464308599_attempt1,27496226714_attempt1,27540844174_attempt1,27612222130_attempt1,27683808024_attempt1,27754758156_attempt1,27821835753_attempt1,27869277828_attempt1,27902430728_attempt1,27948683312_attempt1,28022420503_attempt1,28095005508_attempt1,28166886036_attempt1,28235383560_attempt1,28288053257_attempt1,28321073325_attempt1,28369678027_attempt1,28442123818_attempt1,28515647330_attempt1,28588281394_attempt1,28659365605_attempt1,28705739897_attempt1,28740396418_attempt1,28847404575_attempt1,28923778969_attempt1,29000291038_attempt1",29075660007_attempt1,29144058049_attempt1,timeseries_reversion_down,time_series,0.7428571428571429,0.38944206244329105,0.21509613997812507
65,"24949259015_attempt1,24952032748_attempt1,24986940107_attempt1,25044896828_attempt1,25100490855_attempt1,25157440693_attempt1,25208977834_attempt1,25247789591_attempt1,25274678535_attempt1,25311264469_attempt1,25367630341_attempt1,25427145257_attempt1,25487949887_attempt1,25545252940_attempt1,25596809734_attempt1,25624592440_attempt1,25665168591_attempt1,25791429807_attempt1,25852951350_attempt1,25911485679_attempt1,25957739510_attempt1,25986690554_attempt1,26029755017_attempt1,26091905404_attempt1,26156603287_attempt1,26221008452_attempt1,26357456273_attempt1,26709070227_attempt1,26709294970_attempt1,26755468029_attempt1,26832707302_attempt1,26944523023_attempt1,27008365180_attempt1,27059341408_attempt1,27089462916_attempt1,27130700451_attempt1,27199408085_attempt1,27269618919_attempt1,27340390720_attempt1,27410119221_attempt1,27464308599_attempt1,27496226714_attempt1,27540844174_attempt1,27612222130_attempt1,27683808024_attempt1,27754758156_attempt1,27821835753_attempt1,27869277828_attempt1,27902430728_attempt1,27948683312_attempt1,28022420503_attempt1,28095005508_attempt1,28166886036_attempt1,28235383560_attempt1,28288053257_attempt1,28321073325_attempt1,28369678027_attempt1,28442123818_attempt1,28515647330_attempt1,28588281394_attempt1,28659365605_attempt1,28705739897_attempt1,28740396418_attempt1,28847404575_attempt1,28923778969_attempt1,29000291038_attempt1,29075660007_attempt1",29144058049_attempt1,29183942155_attempt1,classic_early_drop_down,classic_quant,0.8404761904761905,0.08580709738783199,0.04051282051282047
66,"24949259015_attempt1,24952032748_attempt1,24986940107_attempt1,25044896828_attempt1,25100490855_attempt1,25157440693_attempt1,25208977834_attempt1,25247789591_attempt1,25274678535_attempt1,25311264469_attempt1,25367630341_attempt1,25427145257_attempt1,25487949887_attempt1,25545252940_attempt1,25596809734_attempt1,25624592440_attempt1,25665168591_attempt1,25791429807_attempt1,25852951350_attempt1,25911485679_attempt1,25957739510_attempt1,25986690554_attempt1,26029755017_attempt1,26091905404_attempt1,26156603287_attempt1,26221008452_attempt1,26357456273_attempt1,26709070227_attempt1,26709294970_attempt1,26755468029_attempt1,26832707302_attempt1,26944523023_attempt1,27008365180_attempt1,27059341408_attempt1,27089462916_attempt1,27130700451_attempt1,27199408085_attempt1,27269618919_attempt1,27340390720_attempt1,27410119221_attempt1,27464308599_attempt1,27496226714_attempt1,27540844174_attempt1,27612222130_attempt1,27683808024_attempt1,27754758156_attempt1,27821835753_attempt1,27869277828_attempt1,27902430728_attempt1,27948683312_attempt1,28022420503_attempt1,28095005508_attempt1,28166886036_attempt1,28235383560_attempt1,28288053257_attempt1,28321073325_attempt1,28369678027_attempt1,28442123818_attempt1,28515647330_attempt1,28588281394_attempt1,28659365605_attempt1,28705739897_attempt1,28740396418_attempt1,28847404575_attempt1,28923778969_attempt1,29000291038_attempt1,29075660007_attempt1,29144058049_attempt1",29183942155_attempt1,29231728767_attempt1,v1_adaptive_mix,previous_v1,0.7404761904761905,0.12963112284071032,0.079305691458816
67,"24949259015_attempt1,24952032748_attempt1,24986940107_attempt1,25044896828_attempt1,25100490855_attempt1,25157440693_attempt1,25208977834_attempt1,25247789591_attempt1,25274678535_attempt1,25311264469_attempt1,25367630341_attempt1,25427145257_attempt1,25487949887_attempt1,25545252940_attempt1,25596809734_attempt1,25624592440_attempt1,25665168591_attempt1,25791429807_attempt1,25852951350_attempt1,25911485679_attempt1,25957739510_attempt1,25986690554_attempt1,26029755017_attempt1,26091905404_attempt1,26156603287_attempt1,26221008452_attempt1,26357456273_attempt1,26709070227_attempt1,26709294970_attempt1,26755468029_attempt1,26832707302_attempt1,26944523023_attempt1,27008365180_attempt1,27059341408_attempt1,27089462916_attempt1,27130700451_attempt1,27199408085_attempt1,27269618919_attempt1,27340390720_attempt1,27410119221_attempt1,27464308599_attempt1,27496226714_attempt1,27540844174_attempt1,27612222130_attempt1,27683808024_attempt1,27754758156_attempt1,27821835753_attempt1,27869277828_attempt1,27902430728_attempt1,27948683312_attempt1,28022420503_attempt1,28095005508_attempt1,28166886036_attempt1,28235383560_attempt1,28288053257_attempt1,28321073325_attempt1,28369678027_attempt1,28442123818_attempt1,28515647330_attempt1,28588281394_attempt1,28659365605_attempt1,28705739897_attempt1,28740396418_attempt1,28847404575_attempt1,28923778969_attempt1,29000291038_attempt1,29075660007_attempt1,29144058049_attempt1,29183942155_attempt1",29231728767_attempt1,29314482071_attempt1,classic_milddrop_down,classic_quant,0.8904761904761904,0.16250178051309216,0.0508474576271187
68,"24949259015_attempt1,24952032748_attempt1,24986940107_attempt1,25044896828_attempt1,25100490855_attempt1,25157440693_attempt1,25208977834_attempt1,25247789591_attempt1,25274678535_attempt1,25311264469_attempt1,25367630341_attempt1,25427145257_attempt1,25487949887_attempt1,25545252940_attempt1,25596809734_attempt1,25624592440_attempt1,25665168591_attempt1,25791429807_attempt1,25852951350_attempt1,25911485679_attempt1,25957739510_attempt1,25986690554_attempt1,26029755017_attempt1,26091905404_attempt1,26156603287_attempt1,26221008452_attempt1,26357456273_attempt1,26709070227_attempt1,26709294970_attempt1,26755468029_attempt1,26832707302_attempt1,26944523023_attempt1,27008365180_attempt1,27059341408_attempt1,27089462916_attempt1,27130700451_attempt1,27199408085_attempt1,27269618919_attempt1,27340390720_attempt1,27410119221_attempt1,27464308599_attempt1,27496226714_attempt1,27540844174_attempt1,27612222130_attempt1,27683808024_attempt1,27754758156_attempt1,27821835753_attempt1,27869277828_attempt1,27902430728_attempt1,27948683312_attempt1,28022420503_attempt1,28095005508_attempt1,28166886036_attempt1,28235383560_attempt1,28288053257_attempt1,28321073325_attempt1,28369678027_attempt1,28442123818_attempt1,28515647330_attempt1,28588281394_attempt1,28659365605_attempt1,28705739897_attempt1,28740396418_attempt1,28847404575_attempt1,28923778969_attempt1,29000291038_attempt1,29075660007_attempt1,29144058049_attempt1,29183942155_attempt1,29231728767_attempt1",29314482071_attempt1,29397534768_attempt1,portfolio_micro_ts_mix,portfolio,0.773809523809524,0.18292904867283788,0.09003113900293251
69,"24949259015_attempt1,24952032748_attempt1,24986940107_attempt1,25044896828_attempt1,25100490855_attempt1,25157440693_attempt1,25208977834_attempt1,25247789591_attempt1,25274678535_attempt1,25311264469_attempt1,25367630341_attempt1,25427145257_attempt1,25487949887_attempt1,25545252940_attempt1,25596809734_attempt1,25624592440_attempt1,25665168591_attempt1,25791429807_attempt1,25852951350_attempt1,25911485679_attempt1,25957739510_attempt1,25986690554_attempt1,26029755017_attempt1,26091905404_attempt1,26156603287_attempt1,26221008452_attempt1,26357456273_attempt1,26709070227_attempt1,26709294970_attempt1,26755468029_attempt1,26832707302_attempt1,26944523023_attempt1,27008365180_attempt1,27059341408_attempt1,27089462916_attempt1,27130700451_attempt1,27199408085_attempt1,27269618919_attempt1,27340390720_attempt1,27410119221_attempt1,27464308599_attempt1,27496226714_attempt1,27540844174_attempt1,27612222130_attempt1,27683808024_attempt1,27754758156_attempt1,27821835753_attempt1,27869277828_attempt1,27902430728_attempt1,27948683312_attempt1,28022420503_attempt1,28095005508_attempt1,28166886036_attempt1,28235383560_attempt1,28288053257_attempt1,28321073325_attempt1,28369678027_attempt1,28442123818_attempt1,28515647330_attempt1,28588281394_attempt1,28659365605_attempt1,28705739897_attempt1,28740396418_attempt1,28847404575_attempt1,28923778969_attempt1,29000291038_attempt1,29075660007_attempt1,29144058049_attempt1,29183942155_attempt1,29231728767_attempt1,29314482071_attempt1",29397534768_attempt1,29480427148_attempt1,classic_sharpdrop_reversal_up,classic_quant,0.7857142857142858,0.17513522695037742,0.11936871315453389
70,"24949259015_attempt1,24952032748_attempt1,24986940107_attempt1,25044896828_attempt1,25100490855_attempt1,25157440693_attempt1,25208977834_attempt1,25247789591_attempt1,25274678535_attempt1,25311264469_attempt1,25367630341_attempt1,25427145257_attempt1,25487949887_attempt1,25545252940_attempt1,25596809734_attempt1,25624592440_attempt1,25665168591_attempt1,25791429807_attempt1,25852951350_attempt1,25911485679_attempt1,25957739510_attempt1,25986690554_attempt1,26029755017_attempt1,26091905404_attempt1,26156603287_attempt1,26221008452_attempt1,26357456273_attempt1,26709070227_attempt1,26709294970_attempt1,26755468029_attempt1,26832707302_attempt1,26944523023_attempt1,27008365180_attempt1,27059341408_attempt1,27089462916_attempt1,27130700451_attempt1,27199408085_attempt1,27269618919_attempt1,27340390720_attempt1,27410119221_attempt1,27464308599_attempt1,27496226714_attempt1,27540844174_attempt1,27612222130_attempt1,27683808024_attempt1,27754758156_attempt1,27821835753_attempt1,27869277828_attempt1,27902430728_attempt1,27948683312_attempt1,28022420503_attempt1,28095005508_attempt1,28166886036_attempt1,28235383560_attempt1,28288053257_attempt1,28321073325_attempt1,28369678027_attempt1,28442123818_attempt1,28515647330_attempt1,28588281394_attempt1,28659365605_attempt1,28705739897_attempt1,28740396418_attempt1,28847404575_attempt1,28923778969_attempt1,29000291038_attempt1,29075660007_attempt1,29144058049_attempt1,29183942155_attempt1,29231728767_attempt1,29314482071_attempt1,29397534768_attempt1",29480427148_attempt1,29563821720_attempt1,v1_balanced_mix,previous_v1,0.8714285714285714,0.5137016041003233,0.08123076923076925
71,"24949259015_attempt1,24952032748_attempt1,24986940107_attempt1,25044896828_attempt1,25100490855_attempt1,25157440693_attempt1,25208977834_attempt1,25247789591_attempt1,25274678535_attempt1,25311264469_attempt1,25367630341_attempt1,25427145257_attempt1,25487949887_attempt1,25545252940_attempt1,25596809734_attempt1,25624592440_attempt1,25665168591_attempt1,25791429807_attempt1,25852951350_attempt1,25911485679_attempt1,25957739510_attempt1,25986690554_attempt1,26029755017_attempt1,26091905404_attempt1,26156603287_attempt1,26221008452_attempt1,26357456273_attempt1,26709070227_attempt1,26709294970_attempt1,26755468029_attempt1,26832707302_attempt1,26944523023_attempt1,27008365180_attempt1,27059341408_attempt1,27089462916_attempt1,27130700451_attempt1,27199408085_attempt1,27269618919_attempt1,27340390720_attempt1,27410119221_attempt1,27464308599_attempt1,27496226714_attempt1,27540844174_attempt1,27612222130_attempt1,27683808024_attempt1,27754758156_attempt1,27821835753_attempt1,27869277828_attempt1,27902430728_attempt1,27948683312_attempt1,28022420503_attempt1,28095005508_attempt1,28166886036_attempt1,28235383560_attempt1,28288053257_attempt1,28321073325_attempt1,28369678027_attempt1,28442123818_attempt1,28515647330_attempt1,28588281394_attempt1,28659365605_attempt1,28705739897_attempt1,28740396418_attempt1,28847404575_attempt1,28923778969_attempt1,29000291038_attempt1,29075660007_attempt1,29144058049_attempt1,29183942155_attempt1,29231728767_attempt1,29314482071_attempt1,29397534768_attempt1,29480427148_attempt1",29563821720_attempt1,29636284636_attempt1,game_pm_overshoot_fade_up,game_theory,0.8928571428571428,0.6419898263399775,0.10454999403125198
72,"24949259015_attempt1,24952032748_attempt1,24986940107_attempt1,25044896828_attempt1,25100490855_attempt1,25157440693_attempt1,25208977834_attempt1,25247789591_attempt1,25274678535_attempt1,25311264469_attempt1,25367630341_attempt1,25427145257_attempt1,25487949887_attempt1,25545252940_attempt1,25596809734_attempt1,25624592440_attempt1,25665168591_attempt1,25791429807_attempt1,25852951350_attempt1,25911485679_attempt1,25957739510_attempt1,25986690554_attempt1,26029755017_attempt1,26091905404_attempt1,26156603287_attempt1,26221008452_attempt1,26357456273_attempt1,26709070227_attempt1,26709294970_attempt1,26755468029_attempt1,26832707302_attempt1,26944523023_attempt1,27008365180_attempt1,27059341408_attempt1,27089462916_attempt1,27130700451_attempt1,27199408085_attempt1,27269618919_attempt1,27340390720_attempt1,27410119221_attempt1,27464308599_attempt1,27496226714_attempt1,27540844174_attempt1,27612222130_attempt1,27683808024_attempt1,27754758156_attempt1,27821835753_attempt1,27869277828_attempt1,27902430728_attempt1,27948683312_attempt1,28022420503_attempt1,28095005508_attempt1,28166886036_attempt1,28235383560_attempt1,28288053257_attempt1,28321073325_attempt1,28369678027_attempt1,28442123818_attempt1,28515647330_attempt1,28588281394_attempt1,28659365605_attempt1,28705739897_attempt1,28740396418_attempt1,28847404575_attempt1,28923778969_attempt1,29000291038_attempt1,29075660007_attempt1,29144058049_attempt1,29183942155_attempt1,29231728767_attempt1,29314482071_attempt1,29397534768_attempt1,29480427148_attempt1,29563821720_attempt1",29636284636_attempt1,29678766108_attempt1,classic_early_drop_down,classic_quant,0.7714285714285714,0.09392877697445523,0.04051948051948057
73,"24949259015_attempt1,24952032748_attempt1,24986940107_attempt1,25044896828_attempt1,25100490855_attempt1,25157440693_attempt1,25208977834_attempt1,25247789591_attempt1,25274678535_attempt1,25311264469_attempt1,25367630341_attempt1,25427145257_attempt1,25487949887_attempt1,25545252940_attempt1,25596809734_attempt1,25624592440_attempt1,25665168591_attempt1,25791429807_attempt1,25852951350_attempt1,25911485679_attempt1,25957739510_attempt1,25986690554_attempt1,26029755017_attempt1,26091905404_attempt1,26156603287_attempt1,26221008452_attempt1,26357456273_attempt1,26709070227_attempt1,26709294970_attempt1,26755468029_attempt1,26832707302_attempt1,26944523023_attempt1,27008365180_attempt1,27059341408_attempt1,27089462916_attempt1,27130700451_attempt1,27199408085_attempt1,27269618919_attempt1,27340390720_attempt1,27410119221_attempt1,27464308599_attempt1,27496226714_attempt1,27540844174_attempt1,27612222130_attempt1,27683808024_attempt1,27754758156_attempt1,27821835753_attempt1,27869277828_attempt1,27902430728_attempt1,27948683312_attempt1,28022420503_attempt1,28095005508_attempt1,28166886036_attempt1,28235383560_attempt1,28288053257_attempt1,28321073325_attempt1,28369678027_attempt1,28442123818_attempt1,28515647330_attempt1,28588281394_attempt1,28659365605_attempt1,28705739897_attempt1,28740396418_attempt1,28847404575_attempt1,28923778969_attempt1,29000291038_attempt1,29075660007_attempt1,29144058049_attempt1,29183942155_attempt1,29231728767_attempt1,29314482071_attempt1,29397534768_attempt1,29480427148_attempt1,29563821720_attempt1,29636284636_attempt1",29678766108_attempt1,29726104371_attempt1,classic_breakout_up,classic_quant,0.7595238095238095,0.054067828548364005,0.0
74,"24949259015_attempt1,24952032748_attempt1,24986940107_attempt1,25044896828_attempt1,25100490855_attempt1,25157440693_attempt1,25208977834_attempt1,25247789591_attempt1,25274678535_attempt1,25311264469_attempt1,25367630341_attempt1,25427145257_attempt1,25487949887_attempt1,25545252940_attempt1,25596809734_attempt1,25624592440_attempt1,25665168591_attempt1,25791429807_attempt1,25852951350_attempt1,25911485679_attempt1,25957739510_attempt1,25986690554_attempt1,26029755017_attempt1,26091905404_attempt1,26156603287_attempt1,26221008452_attempt1,26357456273_attempt1,26709070227_attempt1,26709294970_attempt1,26755468029_attempt1,26832707302_attempt1,26944523023_attempt1,27008365180_attempt1,27059341408_attempt1,27089462916_attempt1,27130700451_attempt1,27199408085_attempt1,27269618919_attempt1,27340390720_attempt1,27410119221_attempt1,27464308599_attempt1,27496226714_attempt1,27540844174_attempt1,27612222130_attempt1,27683808024_attempt1,27754758156_attempt1,27821835753_attempt1,27869277828_attempt1,27902430728_attempt1,27948683312_attempt1,28022420503_attempt1,28095005508_attempt1,28166886036_attempt1,28235383560_attempt1,28288053257_attempt1,28321073325_attempt1,28369678027_attempt1,28442123818_attempt1,28515647330_attempt1,28588281394_attempt1,28659365605_attempt1,28705739897_attempt1,28740396418_attempt1,28847404575_attempt1,28923778969_attempt1,29000291038_attempt1,29075660007_attempt1,29144058049_attempt1,29183942155_attempt1,29231728767_attempt1,29314482071_attempt1,29397534768_attempt1,29480427148_attempt1,29563821720_attempt1,29636284636_attempt1,29678766108_attempt1",29726104371_attempt1,29812544557_attempt1,game_pm_squeeze_fade_down,game_theory,0.7857142857142858,0.2153796564879924,0.10669509971621921
75,"24949259015_attempt1,24952032748_attempt1,24986940107_attempt1,25044896828_attempt1,25100490855_attempt1,25157440693_attempt1,25208977834_attempt1,25247789591_attempt1,25274678535_attempt1,25311264469_attempt1,25367630341_attempt1,25427145257_attempt1,25487949887_attempt1,25545252940_attempt1,25596809734_attempt1,25624592440_attempt1,25665168591_attempt1,25791429807_attempt1,25852951350_attempt1,25911485679_attempt1,25957739510_attempt1,25986690554_attempt1,26029755017_attempt1,26091905404_attempt1,26156603287_attempt1,26221008452_attempt1,26357456273_attempt1,26709070227_attempt1,26709294970_attempt1,26755468029_attempt1,26832707302_attempt1,26944523023_attempt1,27008365180_attempt1,27059341408_attempt1,27089462916_attempt1,27130700451_attempt1,27199408085_attempt1,27269618919_attempt1,27340390720_attempt1,27410119221_attempt1,27464308599_attempt1,27496226714_attempt1,27540844174_attempt1,27612222130_attempt1,27683808024_attempt1,27754758156_attempt1,27821835753_attempt1,27869277828_attempt1,27902430728_attempt1,27948683312_attempt1,28022420503_attempt1,28095005508_attempt1,28166886036_attempt1,28235383560_attempt1,28288053257_attempt1,28321073325_attempt1,28369678027_attempt1,28442123818_attempt1,28515647330_attempt1,28588281394_attempt1,28659365605_attempt1,28705739897_attempt1,28740396418_attempt1,28847404575_attempt1,28923778969_attempt1,29000291038_attempt1,29075660007_attempt1,29144058049_attempt1,29183942155_attempt1,29231728767_attempt1,29314482071_attempt1,29397534768_attempt1,29480427148_attempt1,29563821720_attempt1,29636284636_attempt1,29678766108_attempt1,29726104371_attempt1",29812544557_attempt1,29902589491_attempt1,portfolio_micro_ts_mix,portfolio,0.7642857142857143,0.052520553113304835,0.1175812286908361
76,"24949259015_attempt1,24952032748_attempt1,24986940107_attempt1,25044896828_attempt1,25100490855_attempt1,25157440693_attempt1,25208977834_attempt1,25247789591_attempt1,25274678535_attempt1,25311264469_attempt1,25367630341_attempt1,25427145257_attempt1,25487949887_attempt1,25545252940_attempt1,25596809734_attempt1,25624592440_attempt1,25665168591_attempt1,25791429807_attempt1,25852951350_attempt1,25911485679_attempt1,25957739510_attempt1,25986690554_attempt1,26029755017_attempt1,26091905404_attempt1,26156603287_attempt1,26221008452_attempt1,26357456273_attempt1,26709070227_attempt1,26709294970_attempt1,26755468029_attempt1,26832707302_attempt1,26944523023_attempt1,27008365180_attempt1,27059341408_attempt1,27089462916_attempt1,27130700451_attempt1,27199408085_attempt1,27269618919_attempt1,27340390720_attempt1,27410119221_attempt1,27464308599_attempt1,27496226714_attempt1,27540844174_attempt1,27612222130_attempt1,27683808024_attempt1,27754758156_attempt1,27821835753_attempt1,27869277828_attempt1,27902430728_attempt1,27948683312_attempt1,28022420503_attempt1,28095005508_attempt1,28166886036_attempt1,28235383560_attempt1,28288053257_attempt1,28321073325_attempt1,28369678027_attempt1,28442123818_attempt1,28515647330_attempt1,28588281394_attempt1,28659365605_attempt1,28705739897_attempt1,28740396418_attempt1,28847404575_attempt1,28923778969_attempt1,29000291038_attempt1,29075660007_attempt1,29144058049_attempt1,29183942155_attempt1,29231728767_attempt1,29314482071_attempt1,29397534768_attempt1,29480427148_attempt1,29563821720_attempt1,29636284636_attempt1,29678766108_attempt1,29726104371_attempt1,29812544557_attempt1",29902589491_attempt1,29990397142_attempt1,classic_early_drop_down,classic_quant,0.8309523809523809,0.13467116571750548,0.07949184278095996
77,"24949259015_attempt1,24952032748_attempt1,24986940107_attempt1,25044896828_attempt1,25100490855_attempt1,25157440693_attempt1,25208977834_attempt1,25247789591_attempt1,25274678535_attempt1,25311264469_attempt1,25367630341_attempt1,25427145257_attempt1,25487949887_attempt1,25545252940_attempt1,25596809734_attempt1,25624592440_attempt1,25665168591_attempt1,25791429807_attempt1,25852951350_attempt1,25911485679_attempt1,25957739510_attempt1,25986690554_attempt1,26029755017_attempt1,26091905404_attempt1,26156603287_attempt1,26221008452_attempt1,26357456273_attempt1,26709070227_attempt1,26709294970_attempt1,26755468029_attempt1,26832707302_attempt1,26944523023_attempt1,27008365180_attempt1,27059341408_attempt1,27089462916_attempt1,27130700451_attempt1,27199408085_attempt1,27269618919_attempt1,27340390720_attempt1,27410119221_attempt1,27464308599_attempt1,27496226714_attempt1,27540844174_attempt1,27612222130_attempt1,27683808024_attempt1,27754758156_attempt1,27821835753_attempt1,27869277828_attempt1,27902430728_attempt1,27948683312_attempt1,28022420503_attempt1,28095005508_attempt1,28166886036_attempt1,28235383560_attempt1,28288053257_attempt1,28321073325_attempt1,28369678027_attempt1,28442123818_attempt1,28515647330_attempt1,28588281394_attempt1,28659365605_attempt1,28705739897_attempt1,28740396418_attempt1,28847404575_attempt1,28923778969_attempt1,29000291038_attempt1,29075660007_attempt1,29144058049_attempt1,29183942155_attempt1,29231728767_attempt1,29314482071_attempt1,29397534768_attempt1,29480427148_attempt1,29563821720_attempt1,29636284636_attempt1,29678766108_attempt1,29726104371_attempt1,29812544557_attempt1,29902589491_attempt1",29990397142_attempt1,30078303224_attempt1,micro_book_consensus_up,microstructure,0.7452380952380953,0.08869390072049699,0.0
78,"24949259015_attempt1,24952032748_attempt1,24986940107_attempt1,25044896828_attempt1,25100490855_attempt1,25157440693_attempt1,25208977834_attempt1,25247789591_attempt1,25274678535_attempt1,25311264469_attempt1,25367630341_attempt1,25427145257_attempt1,25487949887_attempt1,25545252940_attempt1,25596809734_attempt1,25624592440_attempt1,25665168591_attempt1,25791429807_attempt1,25852951350_attempt1,25911485679_attempt1,25957739510_attempt1,25986690554_attempt1,26029755017_attempt1,26091905404_attempt1,26156603287_attempt1,26221008452_attempt1,26357456273_attempt1,26709070227_attempt1,26709294970_attempt1,26755468029_attempt1,26832707302_attempt1,26944523023_attempt1,27008365180_attempt1,27059341408_attempt1,27089462916_attempt1,27130700451_attempt1,27199408085_attempt1,27269618919_attempt1,27340390720_attempt1,27410119221_attempt1,27464308599_attempt1,27496226714_attempt1,27540844174_attempt1,27612222130_attempt1,27683808024_attempt1,27754758156_attempt1,27821835753_attempt1,27869277828_attempt1,27902430728_attempt1,27948683312_attempt1,28022420503_attempt1,28095005508_attempt1,28166886036_attempt1,28235383560_attempt1,28288053257_attempt1,28321073325_attempt1,28369678027_attempt1,28442123818_attempt1,28515647330_attempt1,28588281394_attempt1,28659365605_attempt1,28705739897_attempt1,28740396418_attempt1,28847404575_attempt1,28923778969_attempt1,29000291038_attempt1,29075660007_attempt1,29144058049_attempt1,29183942155_attempt1,29231728767_attempt1,29314482071_attempt1,29397534768_attempt1,29480427148_attempt1,29563821720_attempt1,29636284636_attempt1,29678766108_attempt1,29726104371_attempt1,29812544557_attempt1,29902589491_attempt1,29990397142_attempt1",30078303224_attempt1,30837944463_attempt1,classic_milddrop_down,classic_quant,0.8452380952380952,0.14403988181348715,0.09566742392211304
